2024-12-12 07:49:03 [http-nio-8080-exec-8] ERROR c.e.ticketManager.util.GlobalLogger - JSON parse error: Cannot deserialize value of type `java.util.LinkedHashMap<java.lang.String,java.lang.Integer>` from Array value (token `JsonToken.START_ARRAY`)
org.springframework.http.converter.HttpMessageNotReadableException: JSON parse error: Cannot deserialize value of type `java.util.LinkedHashMap<java.lang.String,java.lang.Integer>` from Array value (token `JsonToken.START_ARRAY`)
	at org.springframework.http.converter.json.AbstractJackson2HttpMessageConverter.readJavaType(AbstractJackson2HttpMessageConverter.java:409)
	at org.springframework.http.converter.json.AbstractJackson2HttpMessageConverter.read(AbstractJackson2HttpMessageConverter.java:357)
	at org.springframework.web.servlet.mvc.method.annotation.AbstractMessageConverterMethodArgumentResolver.readWithMessageConverters(AbstractMessageConverterMethodArgumentResolver.java:204)
	at org.springframework.web.servlet.mvc.method.annotation.RequestResponseBodyMethodProcessor.readWithMessageConverters(RequestResponseBodyMethodProcessor.java:176)
	at org.springframework.web.servlet.mvc.method.annotation.RequestResponseBodyMethodProcessor.resolveArgument(RequestResponseBodyMethodProcessor.java:150)
	at org.springframework.web.method.support.HandlerMethodArgumentResolverComposite.resolveArgument(HandlerMethodArgumentResolverComposite.java:122)
	at org.springframework.web.method.support.InvocableHandlerMethod.getMethodArgumentValues(InvocableHandlerMethod.java:224)
	at org.springframework.web.method.support.InvocableHandlerMethod.invokeForRequest(InvocableHandlerMethod.java:178)
	at org.springframework.web.servlet.mvc.method.annotation.ServletInvocableHandlerMethod.invokeAndHandle(ServletInvocableHandlerMethod.java:118)
	at org.springframework.web.servlet.mvc.method.annotation.RequestMappingHandlerAdapter.invokeHandlerMethod(RequestMappingHandlerAdapter.java:986)
	at org.springframework.web.servlet.mvc.method.annotation.RequestMappingHandlerAdapter.handleInternal(RequestMappingHandlerAdapter.java:891)
	at org.springframework.web.servlet.mvc.method.AbstractHandlerMethodAdapter.handle(AbstractHandlerMethodAdapter.java:87)
	at org.springframework.web.servlet.DispatcherServlet.doDispatch(DispatcherServlet.java:1088)
	at org.springframework.web.servlet.DispatcherServlet.doService(DispatcherServlet.java:978)
	at org.springframework.web.servlet.FrameworkServlet.processRequest(FrameworkServlet.java:1014)
	at org.springframework.web.servlet.FrameworkServlet.doPost(FrameworkServlet.java:914)
	at jakarta.servlet.http.HttpServlet.service(HttpServlet.java:590)
	at org.springframework.web.servlet.FrameworkServlet.service(FrameworkServlet.java:885)
	at jakarta.servlet.http.HttpServlet.service(HttpServlet.java:658)
	at org.apache.catalina.core.ApplicationFilterChain.internalDoFilter(ApplicationFilterChain.java:195)
	at org.apache.catalina.core.ApplicationFilterChain.doFilter(ApplicationFilterChain.java:140)
	at org.apache.tomcat.websocket.server.WsFilter.doFilter(WsFilter.java:51)
	at org.apache.catalina.core.ApplicationFilterChain.internalDoFilter(ApplicationFilterChain.java:164)
	at org.apache.catalina.core.ApplicationFilterChain.doFilter(ApplicationFilterChain.java:140)
	at org.springframework.web.filter.RequestContextFilter.doFilterInternal(RequestContextFilter.java:100)
	at org.springframework.web.filter.OncePerRequestFilter.doFilter(OncePerRequestFilter.java:116)
	at org.apache.catalina.core.ApplicationFilterChain.internalDoFilter(ApplicationFilterChain.java:164)
	at org.apache.catalina.core.ApplicationFilterChain.doFilter(ApplicationFilterChain.java:140)
	at org.springframework.web.filter.FormContentFilter.doFilterInternal(FormContentFilter.java:93)
	at org.springframework.web.filter.OncePerRequestFilter.doFilter(OncePerRequestFilter.java:116)
	at org.apache.catalina.core.ApplicationFilterChain.internalDoFilter(ApplicationFilterChain.java:164)
	at org.apache.catalina.core.ApplicationFilterChain.doFilter(ApplicationFilterChain.java:140)
	at org.springframework.web.filter.CharacterEncodingFilter.doFilterInternal(CharacterEncodingFilter.java:201)
	at org.springframework.web.filter.OncePerRequestFilter.doFilter(OncePerRequestFilter.java:116)
	at org.apache.catalina.core.ApplicationFilterChain.internalDoFilter(ApplicationFilterChain.java:164)
	at org.apache.catalina.core.ApplicationFilterChain.doFilter(ApplicationFilterChain.java:140)
	at org.apache.catalina.core.StandardWrapperValve.invoke(StandardWrapperValve.java:167)
	at org.apache.catalina.core.StandardContextValve.invoke(StandardContextValve.java:90)
	at org.apache.catalina.authenticator.AuthenticatorBase.invoke(AuthenticatorBase.java:483)
	at org.apache.catalina.core.StandardHostValve.invoke(StandardHostValve.java:115)
	at org.apache.catalina.valves.ErrorReportValve.invoke(ErrorReportValve.java:93)
	at org.apache.catalina.core.StandardEngineValve.invoke(StandardEngineValve.java:74)
	at org.apache.catalina.connector.CoyoteAdapter.service(CoyoteAdapter.java:344)
	at org.apache.coyote.http11.Http11Processor.service(Http11Processor.java:397)
	at org.apache.coyote.AbstractProcessorLight.process(AbstractProcessorLight.java:63)
	at org.apache.coyote.AbstractProtocol$ConnectionHandler.process(AbstractProtocol.java:905)
	at org.apache.tomcat.util.net.NioEndpoint$SocketProcessor.doRun(NioEndpoint.java:1741)
	at org.apache.tomcat.util.net.SocketProcessorBase.run(SocketProcessorBase.java:52)
	at org.apache.tomcat.util.threads.ThreadPoolExecutor.runWorker(ThreadPoolExecutor.java:1190)
	at org.apache.tomcat.util.threads.ThreadPoolExecutor$Worker.run(ThreadPoolExecutor.java:659)
	at org.apache.tomcat.util.threads.TaskThread$WrappingRunnable.run(TaskThread.java:63)
	at java.base/java.lang.Thread.run(Thread.java:1570)
Caused by: com.fasterxml.jackson.databind.exc.MismatchedInputException: Cannot deserialize value of type `java.util.LinkedHashMap<java.lang.String,java.lang.Integer>` from Array value (token `JsonToken.START_ARRAY`)
 at [Source: REDACTED (`StreamReadFeature.INCLUDE_SOURCE_IN_LOCATION` disabled); line: 1, column: 1]
	at com.fasterxml.jackson.databind.exc.MismatchedInputException.from(MismatchedInputException.java:59)
	at com.fasterxml.jackson.databind.DeserializationContext.reportInputMismatch(DeserializationContext.java:1767)
	at com.fasterxml.jackson.databind.DeserializationContext.handleUnexpectedToken(DeserializationContext.java:1541)
	at com.fasterxml.jackson.databind.deser.std.StdDeserializer._deserializeFromArray(StdDeserializer.java:222)
	at com.fasterxml.jackson.databind.deser.std.MapDeserializer.deserialize(MapDeserializer.java:457)
	at com.fasterxml.jackson.databind.deser.std.MapDeserializer.deserialize(MapDeserializer.java:32)
	at com.fasterxml.jackson.databind.deser.DefaultDeserializationContext.readRootValue(DefaultDeserializationContext.java:342)
	at com.fasterxml.jackson.databind.ObjectReader._bindAndClose(ObjectReader.java:2125)
	at com.fasterxml.jackson.databind.ObjectReader.readValue(ObjectReader.java:1501)
	at org.springframework.http.converter.json.AbstractJackson2HttpMessageConverter.readJavaType(AbstractJackson2HttpMessageConverter.java:398)
	... 51 common frames omitted
2024-12-12 07:49:03 [http-nio-8080-exec-7] ERROR c.e.ticketManager.util.GlobalLogger - JSON parse error: Cannot deserialize value of type `java.util.LinkedHashMap<java.lang.String,java.lang.Integer>` from Array value (token `JsonToken.START_ARRAY`)
org.springframework.http.converter.HttpMessageNotReadableException: JSON parse error: Cannot deserialize value of type `java.util.LinkedHashMap<java.lang.String,java.lang.Integer>` from Array value (token `JsonToken.START_ARRAY`)
	at org.springframework.http.converter.json.AbstractJackson2HttpMessageConverter.readJavaType(AbstractJackson2HttpMessageConverter.java:409)
	at org.springframework.http.converter.json.AbstractJackson2HttpMessageConverter.read(AbstractJackson2HttpMessageConverter.java:357)
	at org.springframework.web.servlet.mvc.method.annotation.AbstractMessageConverterMethodArgumentResolver.readWithMessageConverters(AbstractMessageConverterMethodArgumentResolver.java:204)
	at org.springframework.web.servlet.mvc.method.annotation.RequestResponseBodyMethodProcessor.readWithMessageConverters(RequestResponseBodyMethodProcessor.java:176)
	at org.springframework.web.servlet.mvc.method.annotation.RequestResponseBodyMethodProcessor.resolveArgument(RequestResponseBodyMethodProcessor.java:150)
	at org.springframework.web.method.support.HandlerMethodArgumentResolverComposite.resolveArgument(HandlerMethodArgumentResolverComposite.java:122)
	at org.springframework.web.method.support.InvocableHandlerMethod.getMethodArgumentValues(InvocableHandlerMethod.java:224)
	at org.springframework.web.method.support.InvocableHandlerMethod.invokeForRequest(InvocableHandlerMethod.java:178)
	at org.springframework.web.servlet.mvc.method.annotation.ServletInvocableHandlerMethod.invokeAndHandle(ServletInvocableHandlerMethod.java:118)
	at org.springframework.web.servlet.mvc.method.annotation.RequestMappingHandlerAdapter.invokeHandlerMethod(RequestMappingHandlerAdapter.java:986)
	at org.springframework.web.servlet.mvc.method.annotation.RequestMappingHandlerAdapter.handleInternal(RequestMappingHandlerAdapter.java:891)
	at org.springframework.web.servlet.mvc.method.AbstractHandlerMethodAdapter.handle(AbstractHandlerMethodAdapter.java:87)
	at org.springframework.web.servlet.DispatcherServlet.doDispatch(DispatcherServlet.java:1088)
	at org.springframework.web.servlet.DispatcherServlet.doService(DispatcherServlet.java:978)
	at org.springframework.web.servlet.FrameworkServlet.processRequest(FrameworkServlet.java:1014)
	at org.springframework.web.servlet.FrameworkServlet.doPost(FrameworkServlet.java:914)
	at jakarta.servlet.http.HttpServlet.service(HttpServlet.java:590)
	at org.springframework.web.servlet.FrameworkServlet.service(FrameworkServlet.java:885)
	at jakarta.servlet.http.HttpServlet.service(HttpServlet.java:658)
	at org.apache.catalina.core.ApplicationFilterChain.internalDoFilter(ApplicationFilterChain.java:195)
	at org.apache.catalina.core.ApplicationFilterChain.doFilter(ApplicationFilterChain.java:140)
	at org.apache.tomcat.websocket.server.WsFilter.doFilter(WsFilter.java:51)
	at org.apache.catalina.core.ApplicationFilterChain.internalDoFilter(ApplicationFilterChain.java:164)
	at org.apache.catalina.core.ApplicationFilterChain.doFilter(ApplicationFilterChain.java:140)
	at org.springframework.web.filter.RequestContextFilter.doFilterInternal(RequestContextFilter.java:100)
	at org.springframework.web.filter.OncePerRequestFilter.doFilter(OncePerRequestFilter.java:116)
	at org.apache.catalina.core.ApplicationFilterChain.internalDoFilter(ApplicationFilterChain.java:164)
	at org.apache.catalina.core.ApplicationFilterChain.doFilter(ApplicationFilterChain.java:140)
	at org.springframework.web.filter.FormContentFilter.doFilterInternal(FormContentFilter.java:93)
	at org.springframework.web.filter.OncePerRequestFilter.doFilter(OncePerRequestFilter.java:116)
	at org.apache.catalina.core.ApplicationFilterChain.internalDoFilter(ApplicationFilterChain.java:164)
	at org.apache.catalina.core.ApplicationFilterChain.doFilter(ApplicationFilterChain.java:140)
	at org.springframework.web.filter.CharacterEncodingFilter.doFilterInternal(CharacterEncodingFilter.java:201)
	at org.springframework.web.filter.OncePerRequestFilter.doFilter(OncePerRequestFilter.java:116)
	at org.apache.catalina.core.ApplicationFilterChain.internalDoFilter(ApplicationFilterChain.java:164)
	at org.apache.catalina.core.ApplicationFilterChain.doFilter(ApplicationFilterChain.java:140)
	at org.apache.catalina.core.StandardWrapperValve.invoke(StandardWrapperValve.java:167)
	at org.apache.catalina.core.StandardContextValve.invoke(StandardContextValve.java:90)
	at org.apache.catalina.authenticator.AuthenticatorBase.invoke(AuthenticatorBase.java:483)
	at org.apache.catalina.core.StandardHostValve.invoke(StandardHostValve.java:115)
	at org.apache.catalina.valves.ErrorReportValve.invoke(ErrorReportValve.java:93)
	at org.apache.catalina.core.StandardEngineValve.invoke(StandardEngineValve.java:74)
	at org.apache.catalina.connector.CoyoteAdapter.service(CoyoteAdapter.java:344)
	at org.apache.coyote.http11.Http11Processor.service(Http11Processor.java:397)
	at org.apache.coyote.AbstractProcessorLight.process(AbstractProcessorLight.java:63)
	at org.apache.coyote.AbstractProtocol$ConnectionHandler.process(AbstractProtocol.java:905)
	at org.apache.tomcat.util.net.NioEndpoint$SocketProcessor.doRun(NioEndpoint.java:1741)
	at org.apache.tomcat.util.net.SocketProcessorBase.run(SocketProcessorBase.java:52)
	at org.apache.tomcat.util.threads.ThreadPoolExecutor.runWorker(ThreadPoolExecutor.java:1190)
	at org.apache.tomcat.util.threads.ThreadPoolExecutor$Worker.run(ThreadPoolExecutor.java:659)
	at org.apache.tomcat.util.threads.TaskThread$WrappingRunnable.run(TaskThread.java:63)
	at java.base/java.lang.Thread.run(Thread.java:1570)
Caused by: com.fasterxml.jackson.databind.exc.MismatchedInputException: Cannot deserialize value of type `java.util.LinkedHashMap<java.lang.String,java.lang.Integer>` from Array value (token `JsonToken.START_ARRAY`)
 at [Source: REDACTED (`StreamReadFeature.INCLUDE_SOURCE_IN_LOCATION` disabled); line: 1, column: 1]
	at com.fasterxml.jackson.databind.exc.MismatchedInputException.from(MismatchedInputException.java:59)
	at com.fasterxml.jackson.databind.DeserializationContext.reportInputMismatch(DeserializationContext.java:1767)
	at com.fasterxml.jackson.databind.DeserializationContext.handleUnexpectedToken(DeserializationContext.java:1541)
	at com.fasterxml.jackson.databind.deser.std.StdDeserializer._deserializeFromArray(StdDeserializer.java:222)
	at com.fasterxml.jackson.databind.deser.std.MapDeserializer.deserialize(MapDeserializer.java:457)
	at com.fasterxml.jackson.databind.deser.std.MapDeserializer.deserialize(MapDeserializer.java:32)
	at com.fasterxml.jackson.databind.deser.DefaultDeserializationContext.readRootValue(DefaultDeserializationContext.java:342)
	at com.fasterxml.jackson.databind.ObjectReader._bindAndClose(ObjectReader.java:2125)
	at com.fasterxml.jackson.databind.ObjectReader.readValue(ObjectReader.java:1501)
	at org.springframework.http.converter.json.AbstractJackson2HttpMessageConverter.readJavaType(AbstractJackson2HttpMessageConverter.java:398)
	... 51 common frames omitted
2024-12-12 08:02:39 [SpringApplicationShutdownHook] INFO  o.s.b.w.e.tomcat.GracefulShutdown - Commencing graceful shutdown. Waiting for active requests to complete
2024-12-12 08:02:39 [tomcat-shutdown] INFO  o.s.b.w.e.tomcat.GracefulShutdown - Graceful shutdown complete
2024-12-12 08:02:40 [SpringApplicationShutdownHook] DEBUG o.s.w.s.h.LoggingWebSocketHandlerDecorator - Transport error in StandardWebSocketSession[id=018446a1-2e98-7caf-18af-1c601ee75bdd, uri=ws://localhost:8080/ticketing-websocket]
java.io.IOException: java.nio.channels.ClosedChannelException
	at org.apache.tomcat.websocket.WsRemoteEndpointImplBase.sendMessageBlockInternal(WsRemoteEndpointImplBase.java:326)
	at org.apache.tomcat.websocket.WsRemoteEndpointImplBase.sendMessageBlock(WsRemoteEndpointImplBase.java:266)
	at org.apache.tomcat.websocket.WsSession.sendCloseMessage(WsSession.java:792)
	at org.apache.tomcat.websocket.WsSession.doClose(WsSession.java:589)
	at org.apache.tomcat.websocket.WsSession.doClose(WsSession.java:556)
	at org.apache.tomcat.websocket.WsSession.close(WsSession.java:544)
	at org.apache.tomcat.websocket.WsWebSocketContainer.destroy(WsWebSocketContainer.java:1024)
	at org.apache.tomcat.websocket.server.WsContextListener.contextDestroyed(WsContextListener.java:46)
	at org.apache.catalina.core.StandardContext.listenerStop(StandardContext.java:4052)
	at org.apache.catalina.core.StandardContext.stopInternal(StandardContext.java:4662)
	at org.apache.catalina.util.LifecycleBase.stop(LifecycleBase.java:235)
	at org.apache.catalina.core.ContainerBase$StopChild.call(ContainerBase.java:1219)
	at org.apache.catalina.core.ContainerBase$StopChild.call(ContainerBase.java:1208)
	at java.base/java.util.concurrent.FutureTask.run$$$capture(FutureTask.java:317)
	at java.base/java.util.concurrent.FutureTask.run(FutureTask.java)
	at org.apache.tomcat.util.threads.InlineExecutorService.execute(InlineExecutorService.java:75)
	at java.base/java.util.concurrent.AbstractExecutorService.submit(AbstractExecutorService.java:145)
	at org.apache.catalina.core.ContainerBase.stopInternal(ContainerBase.java:814)
	at org.apache.catalina.util.LifecycleBase.stop(LifecycleBase.java:235)
	at org.apache.catalina.core.ContainerBase$StopChild.call(ContainerBase.java:1219)
	at org.apache.catalina.core.ContainerBase$StopChild.call(ContainerBase.java:1208)
	at java.base/java.util.concurrent.FutureTask.run$$$capture(FutureTask.java:317)
	at java.base/java.util.concurrent.FutureTask.run(FutureTask.java)
	at org.apache.tomcat.util.threads.InlineExecutorService.execute(InlineExecutorService.java:75)
	at java.base/java.util.concurrent.AbstractExecutorService.submit(AbstractExecutorService.java:145)
	at org.apache.catalina.core.ContainerBase.stopInternal(ContainerBase.java:814)
	at org.apache.catalina.util.LifecycleBase.stop(LifecycleBase.java:235)
	at org.apache.catalina.core.StandardService.stopInternal(StandardService.java:471)
	at org.apache.catalina.util.LifecycleBase.stop(LifecycleBase.java:235)
	at org.apache.catalina.core.StandardServer.stopInternal(StandardServer.java:915)
	at org.apache.catalina.util.LifecycleBase.stop(LifecycleBase.java:235)
	at org.apache.catalina.startup.Tomcat.stop(Tomcat.java:447)
	at org.springframework.boot.web.embedded.tomcat.TomcatWebServer.stopTomcat(TomcatWebServer.java:301)
	at org.springframework.boot.web.embedded.tomcat.TomcatWebServer.destroy(TomcatWebServer.java:374)
	at org.springframework.boot.web.servlet.context.ServletWebServerApplicationContext.doClose(ServletWebServerApplicationContext.java:177)
	at org.springframework.context.support.AbstractApplicationContext.close(AbstractApplicationContext.java:1126)
	at org.springframework.boot.SpringApplicationShutdownHook.closeAndWait(SpringApplicationShutdownHook.java:145)
	at java.base/java.lang.Iterable.forEach(Iterable.java:75)
	at org.springframework.boot.SpringApplicationShutdownHook.run(SpringApplicationShutdownHook.java:114)
	at java.base/java.lang.Thread.run(Thread.java:1570)
Caused by: java.nio.channels.ClosedChannelException: null
	at org.apache.tomcat.util.net.NioChannel$1.write(NioChannel.java:273)
	at org.apache.tomcat.util.net.NioEndpoint$NioSocketWrapper$NioOperationState.run(NioEndpoint.java:1632)
	at org.apache.tomcat.util.net.SocketWrapperBase$OperationState.start(SocketWrapperBase.java:1051)
	at org.apache.tomcat.util.net.SocketWrapperBase.vectoredOperation(SocketWrapperBase.java:1440)
	at org.apache.tomcat.util.net.SocketWrapperBase.write(SocketWrapperBase.java:1366)
	at org.apache.tomcat.util.net.SocketWrapperBase.write(SocketWrapperBase.java:1337)
	at org.apache.tomcat.websocket.server.WsRemoteEndpointImplServer.doWrite(WsRemoteEndpointImplServer.java:171)
	at org.apache.tomcat.websocket.WsRemoteEndpointImplBase.writeMessagePart(WsRemoteEndpointImplBase.java:521)
	at org.apache.tomcat.websocket.WsRemoteEndpointImplBase.sendMessageBlockInternal(WsRemoteEndpointImplBase.java:313)
	... 39 common frames omitted
2024-12-12 08:02:40 [SpringApplicationShutdownHook] DEBUG o.s.w.s.h.LoggingWebSocketHandlerDecorator - StandardWebSocketSession[id=018446a1-2e98-7caf-18af-1c601ee75bdd, uri=ws://localhost:8080/ticketing-websocket] closed with CloseStatus[code=1001, reason=The web application is stopping]
2024-12-12 08:02:45 [main] INFO  c.e.t.TicketManagerApplication - Starting TicketManagerApplication using Java 22.0.2 with PID 14668 (C:\Users\Pramesh\Desktop\IIT CW\ticketManager\target\classes started by Pramesh in C:\Users\Pramesh\Desktop\IIT CW\ticketManager)
2024-12-12 08:02:45 [main] INFO  c.e.t.TicketManagerApplication - No active profile set, falling back to 1 default profile: "default"
2024-12-12 08:02:46 [main] INFO  o.s.d.r.c.RepositoryConfigurationDelegate - Bootstrapping Spring Data MongoDB repositories in DEFAULT mode.
2024-12-12 08:02:46 [main] INFO  o.s.d.r.c.RepositoryConfigurationDelegate - Finished Spring Data repository scanning in 78 ms. Found 1 MongoDB repository interface.
2024-12-12 08:02:46 [main] INFO  o.s.b.w.e.tomcat.TomcatWebServer - Tomcat initialized with port 8080 (http)
2024-12-12 08:02:46 [main] INFO  o.a.coyote.http11.Http11NioProtocol - Initializing ProtocolHandler ["http-nio-8080"]
2024-12-12 08:02:46 [main] INFO  o.a.catalina.core.StandardService - Starting service [Tomcat]
2024-12-12 08:02:46 [main] INFO  o.a.catalina.core.StandardEngine - Starting Servlet engine: [Apache Tomcat/10.1.33]
2024-12-12 08:02:46 [main] INFO  o.a.c.c.C.[Tomcat].[localhost].[/] - Initializing Spring embedded WebApplicationContext
2024-12-12 08:02:46 [main] INFO  o.s.b.w.s.c.ServletWebServerApplicationContext - Root WebApplicationContext: initialization completed in 1155 ms
2024-12-12 08:02:47 [main] INFO  org.mongodb.driver.client - MongoClient with metadata {"application": {"name": "ticketing-app-cluster"}, "driver": {"name": "mongo-java-driver|sync|spring-boot", "version": "5.2.1"}, "os": {"type": "Windows", "name": "Windows 11", "architecture": "amd64", "version": "10.0"}, "platform": "Java/Oracle Corporation/22.0.2+9-70"} created with settings MongoClientSettings{readPreference=primary, writeConcern=WriteConcern{w=majority, wTimeout=null ms, journal=null}, retryWrites=true, retryReads=true, readConcern=ReadConcern{level=null}, credential=MongoCredential{mechanism=null, userName='ticketingapp', source='admin', password=<hidden>, mechanismProperties=<hidden>}, transportSettings=null, commandListeners=[], codecRegistry=ProvidersCodecRegistry{codecProviders=[ValueCodecProvider{}, BsonValueCodecProvider{}, DBRefCodecProvider{}, DBObjectCodecProvider{}, DocumentCodecProvider{}, CollectionCodecProvider{}, IterableCodecProvider{}, MapCodecProvider{}, GeoJsonCodecProvider{}, GridFSFileCodecProvider{}, Jsr310CodecProvider{}, JsonObjectCodecProvider{}, BsonCodecProvider{}, EnumCodecProvider{}, com.mongodb.client.model.mql.ExpressionCodecProvider@615439f7, com.mongodb.Jep395RecordCodecProvider@632cf7d3, com.mongodb.KotlinCodecProvider@51b87df7]}, loggerSettings=LoggerSettings{maxDocumentLength=1000}, clusterSettings={hosts=[127.0.0.1:27017], srvHost=ticketing-app-cluster.ippit.mongodb.net, srvServiceName=mongodb, mode=MULTIPLE, requiredClusterType=REPLICA_SET, requiredReplicaSetName='atlas-1bi6sw-shard-0', serverSelector='null', clusterListeners='[]', serverSelectionTimeout='30000 ms', localThreshold='15 ms'}, socketSettings=SocketSettings{connectTimeoutMS=10000, readTimeoutMS=0, receiveBufferSize=0, proxySettings=ProxySettings{host=null, port=null, username=null, password=null}}, heartbeatSocketSettings=SocketSettings{connectTimeoutMS=10000, readTimeoutMS=10000, receiveBufferSize=0, proxySettings=ProxySettings{host=null, port=null, username=null, password=null}}, connectionPoolSettings=ConnectionPoolSettings{maxSize=100, minSize=0, maxWaitTimeMS=120000, maxConnectionLifeTimeMS=0, maxConnectionIdleTimeMS=0, maintenanceInitialDelayMS=0, maintenanceFrequencyMS=60000, connectionPoolListeners=[], maxConnecting=2}, serverSettings=ServerSettings{heartbeatFrequencyMS=10000, minHeartbeatFrequencyMS=500, serverMonitoringMode=AUTO, serverListeners='[]', serverMonitorListeners='[]'}, sslSettings=SslSettings{enabled=true, invalidHostNameAllowed=false, context=null}, applicationName='ticketing-app-cluster', compressorList=[], uuidRepresentation=JAVA_LEGACY, serverApi=null, autoEncryptionSettings=null, dnsClient=null, inetAddressResolver=null, contextProvider=null, timeoutMS=null}
2024-12-12 08:02:47 [cluster-ClusterId{value='675a4b4fe8f61d153be842e1', description='ticketing-app-cluster'}-srv-ticketing-app-cluster.ippit.mongodb.net] INFO  org.mongodb.driver.cluster - Adding discovered server ticketing-app-cluster-shard-00-02.ippit.mongodb.net:27017 to client view of cluster
2024-12-12 08:02:47 [cluster-ClusterId{value='675a4b4fe8f61d153be842e1', description='ticketing-app-cluster'}-srv-ticketing-app-cluster.ippit.mongodb.net] INFO  org.mongodb.driver.cluster - Adding discovered server ticketing-app-cluster-shard-00-01.ippit.mongodb.net:27017 to client view of cluster
2024-12-12 08:02:47 [cluster-ClusterId{value='675a4b4fe8f61d153be842e1', description='ticketing-app-cluster'}-srv-ticketing-app-cluster.ippit.mongodb.net] INFO  org.mongodb.driver.cluster - Adding discovered server ticketing-app-cluster-shard-00-00.ippit.mongodb.net:27017 to client view of cluster
2024-12-12 08:02:47 [main] DEBUG o.s.w.s.s.s.WebSocketHandlerMapping - Patterns [/ticketing-websocket] in 'webSocketHandlerMapping'
2024-12-12 08:02:47 [main] INFO  o.a.coyote.http11.Http11NioProtocol - Starting ProtocolHandler ["http-nio-8080"]
2024-12-12 08:02:47 [main] INFO  o.s.b.w.e.tomcat.TomcatWebServer - Tomcat started on port 8080 (http) with context path '/'
2024-12-12 08:02:47 [main] INFO  c.e.t.TicketManagerApplication - Started TicketManagerApplication in 2.977 seconds (process running for 3.817)
2024-12-12 08:02:48 [cluster-ClusterId{value='675a4b4fe8f61d153be842e1', description='ticketing-app-cluster'}-ticketing-app-cluster-shard-00-00.ippit.mongodb.net:27017] INFO  org.mongodb.driver.cluster - Monitor thread successfully connected to server with description ServerDescription{address=ticketing-app-cluster-shard-00-00.ippit.mongodb.net:27017, type=REPLICA_SET_SECONDARY, cryptd=false, state=CONNECTED, ok=true, minWireVersion=0, maxWireVersion=25, maxDocumentSize=16777216, logicalSessionTimeoutMinutes=30, roundTripTimeNanos=1072228700, minRoundTripTimeNanos=0, setName='atlas-1bi6sw-shard-0', canonicalAddress=ticketing-app-cluster-shard-00-00.ippit.mongodb.net:27017, hosts=[ticketing-app-cluster-shard-00-00.ippit.mongodb.net:27017, ticketing-app-cluster-shard-00-01.ippit.mongodb.net:27017, ticketing-app-cluster-shard-00-02.ippit.mongodb.net:27017], passives=[], arbiters=[], primary='ticketing-app-cluster-shard-00-02.ippit.mongodb.net:27017', tagSet=TagSet{[Tag{name='availabilityZone', value='asia-south1-a'}, Tag{name='diskState', value='READY'}, Tag{name='nodeType', value='ELECTABLE'}, Tag{name='provider', value='GCP'}, Tag{name='region', value='ASIA_SOUTH_1'}, Tag{name='workloadType', value='OPERATIONAL'}]}, electionId=null, setVersion=4, topologyVersion=TopologyVersion{processId=67599b84e71ee8747f63f2ce, counter=4}, lastWriteDate=Thu Dec 12 08:02:47 IST 2024, lastUpdateTimeNanos=13024881097300}
2024-12-12 08:02:49 [cluster-ClusterId{value='675a4b4fe8f61d153be842e1', description='ticketing-app-cluster'}-ticketing-app-cluster-shard-00-02.ippit.mongodb.net:27017] INFO  org.mongodb.driver.cluster - Monitor thread successfully connected to server with description ServerDescription{address=ticketing-app-cluster-shard-00-02.ippit.mongodb.net:27017, type=REPLICA_SET_PRIMARY, cryptd=false, state=CONNECTED, ok=true, minWireVersion=0, maxWireVersion=25, maxDocumentSize=16777216, logicalSessionTimeoutMinutes=30, roundTripTimeNanos=1735480600, minRoundTripTimeNanos=0, setName='atlas-1bi6sw-shard-0', canonicalAddress=ticketing-app-cluster-shard-00-02.ippit.mongodb.net:27017, hosts=[ticketing-app-cluster-shard-00-00.ippit.mongodb.net:27017, ticketing-app-cluster-shard-00-01.ippit.mongodb.net:27017, ticketing-app-cluster-shard-00-02.ippit.mongodb.net:27017], passives=[], arbiters=[], primary='ticketing-app-cluster-shard-00-02.ippit.mongodb.net:27017', tagSet=TagSet{[Tag{name='availabilityZone', value='asia-south1-c'}, Tag{name='diskState', value='READY'}, Tag{name='nodeType', value='ELECTABLE'}, Tag{name='provider', value='GCP'}, Tag{name='region', value='ASIA_SOUTH_1'}, Tag{name='workloadType', value='OPERATIONAL'}]}, electionId=7fffffff000000000000001e, setVersion=4, topologyVersion=TopologyVersion{processId=67599bb00b4c8dfc028d18fe, counter=6}, lastWriteDate=Thu Dec 12 08:02:47 IST 2024, lastUpdateTimeNanos=13025491270300}
2024-12-12 08:02:49 [cluster-ClusterId{value='675a4b4fe8f61d153be842e1', description='ticketing-app-cluster'}-ticketing-app-cluster-shard-00-02.ippit.mongodb.net:27017] INFO  org.mongodb.driver.cluster - Discovered replica set primary ticketing-app-cluster-shard-00-02.ippit.mongodb.net:27017 with max election id 7fffffff000000000000001e and max set version 4
2024-12-12 08:02:49 [cluster-ClusterId{value='675a4b4fe8f61d153be842e1', description='ticketing-app-cluster'}-ticketing-app-cluster-shard-00-01.ippit.mongodb.net:27017] INFO  org.mongodb.driver.cluster - Monitor thread successfully connected to server with description ServerDescription{address=ticketing-app-cluster-shard-00-01.ippit.mongodb.net:27017, type=REPLICA_SET_SECONDARY, cryptd=false, state=CONNECTED, ok=true, minWireVersion=0, maxWireVersion=25, maxDocumentSize=16777216, logicalSessionTimeoutMinutes=30, roundTripTimeNanos=2324086300, minRoundTripTimeNanos=0, setName='atlas-1bi6sw-shard-0', canonicalAddress=ticketing-app-cluster-shard-00-01.ippit.mongodb.net:27017, hosts=[ticketing-app-cluster-shard-00-00.ippit.mongodb.net:27017, ticketing-app-cluster-shard-00-01.ippit.mongodb.net:27017, ticketing-app-cluster-shard-00-02.ippit.mongodb.net:27017], passives=[], arbiters=[], primary='ticketing-app-cluster-shard-00-02.ippit.mongodb.net:27017', tagSet=TagSet{[Tag{name='availabilityZone', value='asia-south1-b'}, Tag{name='diskState', value='READY'}, Tag{name='nodeType', value='ELECTABLE'}, Tag{name='provider', value='GCP'}, Tag{name='region', value='ASIA_SOUTH_1'}, Tag{name='workloadType', value='OPERATIONAL'}]}, electionId=null, setVersion=4, topologyVersion=TopologyVersion{processId=67599bddd2cfd7ee5f13f5c8, counter=3}, lastWriteDate=Thu Dec 12 08:02:48 IST 2024, lastUpdateTimeNanos=13026082805500}
2024-12-12 08:02:53 [http-nio-8080-exec-1] INFO  o.a.c.c.C.[Tomcat].[localhost].[/] - Initializing Spring DispatcherServlet 'dispatcherServlet'
2024-12-12 08:02:53 [http-nio-8080-exec-1] INFO  o.s.web.servlet.DispatcherServlet - Initializing Servlet 'dispatcherServlet'
2024-12-12 08:02:53 [http-nio-8080-exec-1] INFO  o.s.web.servlet.DispatcherServlet - Completed initialization in 1 ms
2024-12-12 08:02:53 [http-nio-8080-exec-1] ERROR c.e.ticketManager.util.GlobalLogger - JSON parse error: Cannot deserialize value of type `java.util.LinkedHashMap<java.lang.String,com.example.ticketing.model.User>` from Array value (token `JsonToken.START_ARRAY`)
org.springframework.http.converter.HttpMessageNotReadableException: JSON parse error: Cannot deserialize value of type `java.util.LinkedHashMap<java.lang.String,com.example.ticketing.model.User>` from Array value (token `JsonToken.START_ARRAY`)
	at org.springframework.http.converter.json.AbstractJackson2HttpMessageConverter.readJavaType(AbstractJackson2HttpMessageConverter.java:409)
	at org.springframework.http.converter.json.AbstractJackson2HttpMessageConverter.read(AbstractJackson2HttpMessageConverter.java:357)
	at org.springframework.web.servlet.mvc.method.annotation.AbstractMessageConverterMethodArgumentResolver.readWithMessageConverters(AbstractMessageConverterMethodArgumentResolver.java:204)
	at org.springframework.web.servlet.mvc.method.annotation.RequestResponseBodyMethodProcessor.readWithMessageConverters(RequestResponseBodyMethodProcessor.java:176)
	at org.springframework.web.servlet.mvc.method.annotation.RequestResponseBodyMethodProcessor.resolveArgument(RequestResponseBodyMethodProcessor.java:150)
	at org.springframework.web.method.support.HandlerMethodArgumentResolverComposite.resolveArgument(HandlerMethodArgumentResolverComposite.java:122)
	at org.springframework.web.method.support.InvocableHandlerMethod.getMethodArgumentValues(InvocableHandlerMethod.java:224)
	at org.springframework.web.method.support.InvocableHandlerMethod.invokeForRequest(InvocableHandlerMethod.java:178)
	at org.springframework.web.servlet.mvc.method.annotation.ServletInvocableHandlerMethod.invokeAndHandle(ServletInvocableHandlerMethod.java:118)
	at org.springframework.web.servlet.mvc.method.annotation.RequestMappingHandlerAdapter.invokeHandlerMethod(RequestMappingHandlerAdapter.java:986)
	at org.springframework.web.servlet.mvc.method.annotation.RequestMappingHandlerAdapter.handleInternal(RequestMappingHandlerAdapter.java:891)
	at org.springframework.web.servlet.mvc.method.AbstractHandlerMethodAdapter.handle(AbstractHandlerMethodAdapter.java:87)
	at org.springframework.web.servlet.DispatcherServlet.doDispatch(DispatcherServlet.java:1088)
	at org.springframework.web.servlet.DispatcherServlet.doService(DispatcherServlet.java:978)
	at org.springframework.web.servlet.FrameworkServlet.processRequest(FrameworkServlet.java:1014)
	at org.springframework.web.servlet.FrameworkServlet.doPost(FrameworkServlet.java:914)
	at jakarta.servlet.http.HttpServlet.service(HttpServlet.java:590)
	at org.springframework.web.servlet.FrameworkServlet.service(FrameworkServlet.java:885)
	at jakarta.servlet.http.HttpServlet.service(HttpServlet.java:658)
	at org.apache.catalina.core.ApplicationFilterChain.internalDoFilter(ApplicationFilterChain.java:195)
	at org.apache.catalina.core.ApplicationFilterChain.doFilter(ApplicationFilterChain.java:140)
	at org.apache.tomcat.websocket.server.WsFilter.doFilter(WsFilter.java:51)
	at org.apache.catalina.core.ApplicationFilterChain.internalDoFilter(ApplicationFilterChain.java:164)
	at org.apache.catalina.core.ApplicationFilterChain.doFilter(ApplicationFilterChain.java:140)
	at org.springframework.web.filter.RequestContextFilter.doFilterInternal(RequestContextFilter.java:100)
	at org.springframework.web.filter.OncePerRequestFilter.doFilter(OncePerRequestFilter.java:116)
	at org.apache.catalina.core.ApplicationFilterChain.internalDoFilter(ApplicationFilterChain.java:164)
	at org.apache.catalina.core.ApplicationFilterChain.doFilter(ApplicationFilterChain.java:140)
	at org.springframework.web.filter.FormContentFilter.doFilterInternal(FormContentFilter.java:93)
	at org.springframework.web.filter.OncePerRequestFilter.doFilter(OncePerRequestFilter.java:116)
	at org.apache.catalina.core.ApplicationFilterChain.internalDoFilter(ApplicationFilterChain.java:164)
	at org.apache.catalina.core.ApplicationFilterChain.doFilter(ApplicationFilterChain.java:140)
	at org.springframework.web.filter.CharacterEncodingFilter.doFilterInternal(CharacterEncodingFilter.java:201)
	at org.springframework.web.filter.OncePerRequestFilter.doFilter(OncePerRequestFilter.java:116)
	at org.apache.catalina.core.ApplicationFilterChain.internalDoFilter(ApplicationFilterChain.java:164)
	at org.apache.catalina.core.ApplicationFilterChain.doFilter(ApplicationFilterChain.java:140)
	at org.apache.catalina.core.StandardWrapperValve.invoke(StandardWrapperValve.java:167)
	at org.apache.catalina.core.StandardContextValve.invoke(StandardContextValve.java:90)
	at org.apache.catalina.authenticator.AuthenticatorBase.invoke(AuthenticatorBase.java:483)
	at org.apache.catalina.core.StandardHostValve.invoke(StandardHostValve.java:115)
	at org.apache.catalina.valves.ErrorReportValve.invoke(ErrorReportValve.java:93)
	at org.apache.catalina.core.StandardEngineValve.invoke(StandardEngineValve.java:74)
	at org.apache.catalina.connector.CoyoteAdapter.service(CoyoteAdapter.java:344)
	at org.apache.coyote.http11.Http11Processor.service(Http11Processor.java:397)
	at org.apache.coyote.AbstractProcessorLight.process(AbstractProcessorLight.java:63)
	at org.apache.coyote.AbstractProtocol$ConnectionHandler.process(AbstractProtocol.java:905)
	at org.apache.tomcat.util.net.NioEndpoint$SocketProcessor.doRun(NioEndpoint.java:1741)
	at org.apache.tomcat.util.net.SocketProcessorBase.run(SocketProcessorBase.java:52)
	at org.apache.tomcat.util.threads.ThreadPoolExecutor.runWorker(ThreadPoolExecutor.java:1190)
	at org.apache.tomcat.util.threads.ThreadPoolExecutor$Worker.run(ThreadPoolExecutor.java:659)
	at org.apache.tomcat.util.threads.TaskThread$WrappingRunnable.run(TaskThread.java:63)
	at java.base/java.lang.Thread.run(Thread.java:1570)
Caused by: com.fasterxml.jackson.databind.exc.MismatchedInputException: Cannot deserialize value of type `java.util.LinkedHashMap<java.lang.String,com.example.ticketing.model.User>` from Array value (token `JsonToken.START_ARRAY`)
 at [Source: REDACTED (`StreamReadFeature.INCLUDE_SOURCE_IN_LOCATION` disabled); line: 1, column: 1]
	at com.fasterxml.jackson.databind.exc.MismatchedInputException.from(MismatchedInputException.java:59)
	at com.fasterxml.jackson.databind.DeserializationContext.reportInputMismatch(DeserializationContext.java:1767)
	at com.fasterxml.jackson.databind.DeserializationContext.handleUnexpectedToken(DeserializationContext.java:1541)
	at com.fasterxml.jackson.databind.deser.std.StdDeserializer._deserializeFromArray(StdDeserializer.java:222)
	at com.fasterxml.jackson.databind.deser.std.MapDeserializer.deserialize(MapDeserializer.java:457)
	at com.fasterxml.jackson.databind.deser.std.MapDeserializer.deserialize(MapDeserializer.java:32)
	at com.fasterxml.jackson.databind.deser.DefaultDeserializationContext.readRootValue(DefaultDeserializationContext.java:342)
	at com.fasterxml.jackson.databind.ObjectReader._bindAndClose(ObjectReader.java:2125)
	at com.fasterxml.jackson.databind.ObjectReader.readValue(ObjectReader.java:1501)
	at org.springframework.http.converter.json.AbstractJackson2HttpMessageConverter.readJavaType(AbstractJackson2HttpMessageConverter.java:398)
	... 51 common frames omitted
2024-12-12 08:02:53 [http-nio-8080-exec-2] ERROR c.e.ticketManager.util.GlobalLogger - JSON parse error: Cannot deserialize value of type `java.util.LinkedHashMap<java.lang.String,com.example.ticketing.model.User>` from Array value (token `JsonToken.START_ARRAY`)
org.springframework.http.converter.HttpMessageNotReadableException: JSON parse error: Cannot deserialize value of type `java.util.LinkedHashMap<java.lang.String,com.example.ticketing.model.User>` from Array value (token `JsonToken.START_ARRAY`)
	at org.springframework.http.converter.json.AbstractJackson2HttpMessageConverter.readJavaType(AbstractJackson2HttpMessageConverter.java:409)
	at org.springframework.http.converter.json.AbstractJackson2HttpMessageConverter.read(AbstractJackson2HttpMessageConverter.java:357)
	at org.springframework.web.servlet.mvc.method.annotation.AbstractMessageConverterMethodArgumentResolver.readWithMessageConverters(AbstractMessageConverterMethodArgumentResolver.java:204)
	at org.springframework.web.servlet.mvc.method.annotation.RequestResponseBodyMethodProcessor.readWithMessageConverters(RequestResponseBodyMethodProcessor.java:176)
	at org.springframework.web.servlet.mvc.method.annotation.RequestResponseBodyMethodProcessor.resolveArgument(RequestResponseBodyMethodProcessor.java:150)
	at org.springframework.web.method.support.HandlerMethodArgumentResolverComposite.resolveArgument(HandlerMethodArgumentResolverComposite.java:122)
	at org.springframework.web.method.support.InvocableHandlerMethod.getMethodArgumentValues(InvocableHandlerMethod.java:224)
	at org.springframework.web.method.support.InvocableHandlerMethod.invokeForRequest(InvocableHandlerMethod.java:178)
	at org.springframework.web.servlet.mvc.method.annotation.ServletInvocableHandlerMethod.invokeAndHandle(ServletInvocableHandlerMethod.java:118)
	at org.springframework.web.servlet.mvc.method.annotation.RequestMappingHandlerAdapter.invokeHandlerMethod(RequestMappingHandlerAdapter.java:986)
	at org.springframework.web.servlet.mvc.method.annotation.RequestMappingHandlerAdapter.handleInternal(RequestMappingHandlerAdapter.java:891)
	at org.springframework.web.servlet.mvc.method.AbstractHandlerMethodAdapter.handle(AbstractHandlerMethodAdapter.java:87)
	at org.springframework.web.servlet.DispatcherServlet.doDispatch(DispatcherServlet.java:1088)
	at org.springframework.web.servlet.DispatcherServlet.doService(DispatcherServlet.java:978)
	at org.springframework.web.servlet.FrameworkServlet.processRequest(FrameworkServlet.java:1014)
	at org.springframework.web.servlet.FrameworkServlet.doPost(FrameworkServlet.java:914)
	at jakarta.servlet.http.HttpServlet.service(HttpServlet.java:590)
	at org.springframework.web.servlet.FrameworkServlet.service(FrameworkServlet.java:885)
	at jakarta.servlet.http.HttpServlet.service(HttpServlet.java:658)
	at org.apache.catalina.core.ApplicationFilterChain.internalDoFilter(ApplicationFilterChain.java:195)
	at org.apache.catalina.core.ApplicationFilterChain.doFilter(ApplicationFilterChain.java:140)
	at org.apache.tomcat.websocket.server.WsFilter.doFilter(WsFilter.java:51)
	at org.apache.catalina.core.ApplicationFilterChain.internalDoFilter(ApplicationFilterChain.java:164)
	at org.apache.catalina.core.ApplicationFilterChain.doFilter(ApplicationFilterChain.java:140)
	at org.springframework.web.filter.RequestContextFilter.doFilterInternal(RequestContextFilter.java:100)
	at org.springframework.web.filter.OncePerRequestFilter.doFilter(OncePerRequestFilter.java:116)
	at org.apache.catalina.core.ApplicationFilterChain.internalDoFilter(ApplicationFilterChain.java:164)
	at org.apache.catalina.core.ApplicationFilterChain.doFilter(ApplicationFilterChain.java:140)
	at org.springframework.web.filter.FormContentFilter.doFilterInternal(FormContentFilter.java:93)
	at org.springframework.web.filter.OncePerRequestFilter.doFilter(OncePerRequestFilter.java:116)
	at org.apache.catalina.core.ApplicationFilterChain.internalDoFilter(ApplicationFilterChain.java:164)
	at org.apache.catalina.core.ApplicationFilterChain.doFilter(ApplicationFilterChain.java:140)
	at org.springframework.web.filter.CharacterEncodingFilter.doFilterInternal(CharacterEncodingFilter.java:201)
	at org.springframework.web.filter.OncePerRequestFilter.doFilter(OncePerRequestFilter.java:116)
	at org.apache.catalina.core.ApplicationFilterChain.internalDoFilter(ApplicationFilterChain.java:164)
	at org.apache.catalina.core.ApplicationFilterChain.doFilter(ApplicationFilterChain.java:140)
	at org.apache.catalina.core.StandardWrapperValve.invoke(StandardWrapperValve.java:167)
	at org.apache.catalina.core.StandardContextValve.invoke(StandardContextValve.java:90)
	at org.apache.catalina.authenticator.AuthenticatorBase.invoke(AuthenticatorBase.java:483)
	at org.apache.catalina.core.StandardHostValve.invoke(StandardHostValve.java:115)
	at org.apache.catalina.valves.ErrorReportValve.invoke(ErrorReportValve.java:93)
	at org.apache.catalina.core.StandardEngineValve.invoke(StandardEngineValve.java:74)
	at org.apache.catalina.connector.CoyoteAdapter.service(CoyoteAdapter.java:344)
	at org.apache.coyote.http11.Http11Processor.service(Http11Processor.java:397)
	at org.apache.coyote.AbstractProcessorLight.process(AbstractProcessorLight.java:63)
	at org.apache.coyote.AbstractProtocol$ConnectionHandler.process(AbstractProtocol.java:905)
	at org.apache.tomcat.util.net.NioEndpoint$SocketProcessor.doRun(NioEndpoint.java:1741)
	at org.apache.tomcat.util.net.SocketProcessorBase.run(SocketProcessorBase.java:52)
	at org.apache.tomcat.util.threads.ThreadPoolExecutor.runWorker(ThreadPoolExecutor.java:1190)
	at org.apache.tomcat.util.threads.ThreadPoolExecutor$Worker.run(ThreadPoolExecutor.java:659)
	at org.apache.tomcat.util.threads.TaskThread$WrappingRunnable.run(TaskThread.java:63)
	at java.base/java.lang.Thread.run(Thread.java:1570)
Caused by: com.fasterxml.jackson.databind.exc.MismatchedInputException: Cannot deserialize value of type `java.util.LinkedHashMap<java.lang.String,com.example.ticketing.model.User>` from Array value (token `JsonToken.START_ARRAY`)
 at [Source: REDACTED (`StreamReadFeature.INCLUDE_SOURCE_IN_LOCATION` disabled); line: 1, column: 1]
	at com.fasterxml.jackson.databind.exc.MismatchedInputException.from(MismatchedInputException.java:59)
	at com.fasterxml.jackson.databind.DeserializationContext.reportInputMismatch(DeserializationContext.java:1767)
	at com.fasterxml.jackson.databind.DeserializationContext.handleUnexpectedToken(DeserializationContext.java:1541)
	at com.fasterxml.jackson.databind.deser.std.StdDeserializer._deserializeFromArray(StdDeserializer.java:222)
	at com.fasterxml.jackson.databind.deser.std.MapDeserializer.deserialize(MapDeserializer.java:457)
	at com.fasterxml.jackson.databind.deser.std.MapDeserializer.deserialize(MapDeserializer.java:32)
	at com.fasterxml.jackson.databind.deser.DefaultDeserializationContext.readRootValue(DefaultDeserializationContext.java:342)
	at com.fasterxml.jackson.databind.ObjectReader._bindAndClose(ObjectReader.java:2125)
	at com.fasterxml.jackson.databind.ObjectReader.readValue(ObjectReader.java:1501)
	at org.springframework.http.converter.json.AbstractJackson2HttpMessageConverter.readJavaType(AbstractJackson2HttpMessageConverter.java:398)
	... 51 common frames omitted
2024-12-12 08:03:31 [http-nio-8080-exec-5] ERROR c.e.ticketManager.util.GlobalLogger - JSON parse error: Cannot deserialize value of type `java.util.LinkedHashMap<java.lang.String,com.example.ticketing.model.User>` from Array value (token `JsonToken.START_ARRAY`)
org.springframework.http.converter.HttpMessageNotReadableException: JSON parse error: Cannot deserialize value of type `java.util.LinkedHashMap<java.lang.String,com.example.ticketing.model.User>` from Array value (token `JsonToken.START_ARRAY`)
	at org.springframework.http.converter.json.AbstractJackson2HttpMessageConverter.readJavaType(AbstractJackson2HttpMessageConverter.java:409)
	at org.springframework.http.converter.json.AbstractJackson2HttpMessageConverter.read(AbstractJackson2HttpMessageConverter.java:357)
	at org.springframework.web.servlet.mvc.method.annotation.AbstractMessageConverterMethodArgumentResolver.readWithMessageConverters(AbstractMessageConverterMethodArgumentResolver.java:204)
	at org.springframework.web.servlet.mvc.method.annotation.RequestResponseBodyMethodProcessor.readWithMessageConverters(RequestResponseBodyMethodProcessor.java:176)
	at org.springframework.web.servlet.mvc.method.annotation.RequestResponseBodyMethodProcessor.resolveArgument(RequestResponseBodyMethodProcessor.java:150)
	at org.springframework.web.method.support.HandlerMethodArgumentResolverComposite.resolveArgument(HandlerMethodArgumentResolverComposite.java:122)
	at org.springframework.web.method.support.InvocableHandlerMethod.getMethodArgumentValues(InvocableHandlerMethod.java:224)
	at org.springframework.web.method.support.InvocableHandlerMethod.invokeForRequest(InvocableHandlerMethod.java:178)
	at org.springframework.web.servlet.mvc.method.annotation.ServletInvocableHandlerMethod.invokeAndHandle(ServletInvocableHandlerMethod.java:118)
	at org.springframework.web.servlet.mvc.method.annotation.RequestMappingHandlerAdapter.invokeHandlerMethod(RequestMappingHandlerAdapter.java:986)
	at org.springframework.web.servlet.mvc.method.annotation.RequestMappingHandlerAdapter.handleInternal(RequestMappingHandlerAdapter.java:891)
	at org.springframework.web.servlet.mvc.method.AbstractHandlerMethodAdapter.handle(AbstractHandlerMethodAdapter.java:87)
	at org.springframework.web.servlet.DispatcherServlet.doDispatch(DispatcherServlet.java:1088)
	at org.springframework.web.servlet.DispatcherServlet.doService(DispatcherServlet.java:978)
	at org.springframework.web.servlet.FrameworkServlet.processRequest(FrameworkServlet.java:1014)
	at org.springframework.web.servlet.FrameworkServlet.doPost(FrameworkServlet.java:914)
	at jakarta.servlet.http.HttpServlet.service(HttpServlet.java:590)
	at org.springframework.web.servlet.FrameworkServlet.service(FrameworkServlet.java:885)
	at jakarta.servlet.http.HttpServlet.service(HttpServlet.java:658)
	at org.apache.catalina.core.ApplicationFilterChain.internalDoFilter(ApplicationFilterChain.java:195)
	at org.apache.catalina.core.ApplicationFilterChain.doFilter(ApplicationFilterChain.java:140)
	at org.apache.tomcat.websocket.server.WsFilter.doFilter(WsFilter.java:51)
	at org.apache.catalina.core.ApplicationFilterChain.internalDoFilter(ApplicationFilterChain.java:164)
	at org.apache.catalina.core.ApplicationFilterChain.doFilter(ApplicationFilterChain.java:140)
	at org.springframework.web.filter.RequestContextFilter.doFilterInternal(RequestContextFilter.java:100)
	at org.springframework.web.filter.OncePerRequestFilter.doFilter(OncePerRequestFilter.java:116)
	at org.apache.catalina.core.ApplicationFilterChain.internalDoFilter(ApplicationFilterChain.java:164)
	at org.apache.catalina.core.ApplicationFilterChain.doFilter(ApplicationFilterChain.java:140)
	at org.springframework.web.filter.FormContentFilter.doFilterInternal(FormContentFilter.java:93)
	at org.springframework.web.filter.OncePerRequestFilter.doFilter(OncePerRequestFilter.java:116)
	at org.apache.catalina.core.ApplicationFilterChain.internalDoFilter(ApplicationFilterChain.java:164)
	at org.apache.catalina.core.ApplicationFilterChain.doFilter(ApplicationFilterChain.java:140)
	at org.springframework.web.filter.CharacterEncodingFilter.doFilterInternal(CharacterEncodingFilter.java:201)
	at org.springframework.web.filter.OncePerRequestFilter.doFilter(OncePerRequestFilter.java:116)
	at org.apache.catalina.core.ApplicationFilterChain.internalDoFilter(ApplicationFilterChain.java:164)
	at org.apache.catalina.core.ApplicationFilterChain.doFilter(ApplicationFilterChain.java:140)
	at org.apache.catalina.core.StandardWrapperValve.invoke(StandardWrapperValve.java:167)
	at org.apache.catalina.core.StandardContextValve.invoke(StandardContextValve.java:90)
	at org.apache.catalina.authenticator.AuthenticatorBase.invoke(AuthenticatorBase.java:483)
	at org.apache.catalina.core.StandardHostValve.invoke(StandardHostValve.java:115)
	at org.apache.catalina.valves.ErrorReportValve.invoke(ErrorReportValve.java:93)
	at org.apache.catalina.core.StandardEngineValve.invoke(StandardEngineValve.java:74)
	at org.apache.catalina.connector.CoyoteAdapter.service(CoyoteAdapter.java:344)
	at org.apache.coyote.http11.Http11Processor.service(Http11Processor.java:397)
	at org.apache.coyote.AbstractProcessorLight.process(AbstractProcessorLight.java:63)
	at org.apache.coyote.AbstractProtocol$ConnectionHandler.process(AbstractProtocol.java:905)
	at org.apache.tomcat.util.net.NioEndpoint$SocketProcessor.doRun(NioEndpoint.java:1741)
	at org.apache.tomcat.util.net.SocketProcessorBase.run(SocketProcessorBase.java:52)
	at org.apache.tomcat.util.threads.ThreadPoolExecutor.runWorker(ThreadPoolExecutor.java:1190)
	at org.apache.tomcat.util.threads.ThreadPoolExecutor$Worker.run(ThreadPoolExecutor.java:659)
	at org.apache.tomcat.util.threads.TaskThread$WrappingRunnable.run(TaskThread.java:63)
	at java.base/java.lang.Thread.run(Thread.java:1570)
Caused by: com.fasterxml.jackson.databind.exc.MismatchedInputException: Cannot deserialize value of type `java.util.LinkedHashMap<java.lang.String,com.example.ticketing.model.User>` from Array value (token `JsonToken.START_ARRAY`)
 at [Source: REDACTED (`StreamReadFeature.INCLUDE_SOURCE_IN_LOCATION` disabled); line: 1, column: 1]
	at com.fasterxml.jackson.databind.exc.MismatchedInputException.from(MismatchedInputException.java:59)
	at com.fasterxml.jackson.databind.DeserializationContext.reportInputMismatch(DeserializationContext.java:1767)
	at com.fasterxml.jackson.databind.DeserializationContext.handleUnexpectedToken(DeserializationContext.java:1541)
	at com.fasterxml.jackson.databind.deser.std.StdDeserializer._deserializeFromArray(StdDeserializer.java:222)
	at com.fasterxml.jackson.databind.deser.std.MapDeserializer.deserialize(MapDeserializer.java:457)
	at com.fasterxml.jackson.databind.deser.std.MapDeserializer.deserialize(MapDeserializer.java:32)
	at com.fasterxml.jackson.databind.deser.DefaultDeserializationContext.readRootValue(DefaultDeserializationContext.java:342)
	at com.fasterxml.jackson.databind.ObjectReader._bindAndClose(ObjectReader.java:2125)
	at com.fasterxml.jackson.databind.ObjectReader.readValue(ObjectReader.java:1501)
	at org.springframework.http.converter.json.AbstractJackson2HttpMessageConverter.readJavaType(AbstractJackson2HttpMessageConverter.java:398)
	... 51 common frames omitted
2024-12-12 08:03:31 [http-nio-8080-exec-7] ERROR c.e.ticketManager.util.GlobalLogger - JSON parse error: Cannot deserialize value of type `java.util.LinkedHashMap<java.lang.String,com.example.ticketing.model.User>` from Array value (token `JsonToken.START_ARRAY`)
org.springframework.http.converter.HttpMessageNotReadableException: JSON parse error: Cannot deserialize value of type `java.util.LinkedHashMap<java.lang.String,com.example.ticketing.model.User>` from Array value (token `JsonToken.START_ARRAY`)
	at org.springframework.http.converter.json.AbstractJackson2HttpMessageConverter.readJavaType(AbstractJackson2HttpMessageConverter.java:409)
	at org.springframework.http.converter.json.AbstractJackson2HttpMessageConverter.read(AbstractJackson2HttpMessageConverter.java:357)
	at org.springframework.web.servlet.mvc.method.annotation.AbstractMessageConverterMethodArgumentResolver.readWithMessageConverters(AbstractMessageConverterMethodArgumentResolver.java:204)
	at org.springframework.web.servlet.mvc.method.annotation.RequestResponseBodyMethodProcessor.readWithMessageConverters(RequestResponseBodyMethodProcessor.java:176)
	at org.springframework.web.servlet.mvc.method.annotation.RequestResponseBodyMethodProcessor.resolveArgument(RequestResponseBodyMethodProcessor.java:150)
	at org.springframework.web.method.support.HandlerMethodArgumentResolverComposite.resolveArgument(HandlerMethodArgumentResolverComposite.java:122)
	at org.springframework.web.method.support.InvocableHandlerMethod.getMethodArgumentValues(InvocableHandlerMethod.java:224)
	at org.springframework.web.method.support.InvocableHandlerMethod.invokeForRequest(InvocableHandlerMethod.java:178)
	at org.springframework.web.servlet.mvc.method.annotation.ServletInvocableHandlerMethod.invokeAndHandle(ServletInvocableHandlerMethod.java:118)
	at org.springframework.web.servlet.mvc.method.annotation.RequestMappingHandlerAdapter.invokeHandlerMethod(RequestMappingHandlerAdapter.java:986)
	at org.springframework.web.servlet.mvc.method.annotation.RequestMappingHandlerAdapter.handleInternal(RequestMappingHandlerAdapter.java:891)
	at org.springframework.web.servlet.mvc.method.AbstractHandlerMethodAdapter.handle(AbstractHandlerMethodAdapter.java:87)
	at org.springframework.web.servlet.DispatcherServlet.doDispatch(DispatcherServlet.java:1088)
	at org.springframework.web.servlet.DispatcherServlet.doService(DispatcherServlet.java:978)
	at org.springframework.web.servlet.FrameworkServlet.processRequest(FrameworkServlet.java:1014)
	at org.springframework.web.servlet.FrameworkServlet.doPost(FrameworkServlet.java:914)
	at jakarta.servlet.http.HttpServlet.service(HttpServlet.java:590)
	at org.springframework.web.servlet.FrameworkServlet.service(FrameworkServlet.java:885)
	at jakarta.servlet.http.HttpServlet.service(HttpServlet.java:658)
	at org.apache.catalina.core.ApplicationFilterChain.internalDoFilter(ApplicationFilterChain.java:195)
	at org.apache.catalina.core.ApplicationFilterChain.doFilter(ApplicationFilterChain.java:140)
	at org.apache.tomcat.websocket.server.WsFilter.doFilter(WsFilter.java:51)
	at org.apache.catalina.core.ApplicationFilterChain.internalDoFilter(ApplicationFilterChain.java:164)
	at org.apache.catalina.core.ApplicationFilterChain.doFilter(ApplicationFilterChain.java:140)
	at org.springframework.web.filter.RequestContextFilter.doFilterInternal(RequestContextFilter.java:100)
	at org.springframework.web.filter.OncePerRequestFilter.doFilter(OncePerRequestFilter.java:116)
	at org.apache.catalina.core.ApplicationFilterChain.internalDoFilter(ApplicationFilterChain.java:164)
	at org.apache.catalina.core.ApplicationFilterChain.doFilter(ApplicationFilterChain.java:140)
	at org.springframework.web.filter.FormContentFilter.doFilterInternal(FormContentFilter.java:93)
	at org.springframework.web.filter.OncePerRequestFilter.doFilter(OncePerRequestFilter.java:116)
	at org.apache.catalina.core.ApplicationFilterChain.internalDoFilter(ApplicationFilterChain.java:164)
	at org.apache.catalina.core.ApplicationFilterChain.doFilter(ApplicationFilterChain.java:140)
	at org.springframework.web.filter.CharacterEncodingFilter.doFilterInternal(CharacterEncodingFilter.java:201)
	at org.springframework.web.filter.OncePerRequestFilter.doFilter(OncePerRequestFilter.java:116)
	at org.apache.catalina.core.ApplicationFilterChain.internalDoFilter(ApplicationFilterChain.java:164)
	at org.apache.catalina.core.ApplicationFilterChain.doFilter(ApplicationFilterChain.java:140)
	at org.apache.catalina.core.StandardWrapperValve.invoke(StandardWrapperValve.java:167)
	at org.apache.catalina.core.StandardContextValve.invoke(StandardContextValve.java:90)
	at org.apache.catalina.authenticator.AuthenticatorBase.invoke(AuthenticatorBase.java:483)
	at org.apache.catalina.core.StandardHostValve.invoke(StandardHostValve.java:115)
	at org.apache.catalina.valves.ErrorReportValve.invoke(ErrorReportValve.java:93)
	at org.apache.catalina.core.StandardEngineValve.invoke(StandardEngineValve.java:74)
	at org.apache.catalina.connector.CoyoteAdapter.service(CoyoteAdapter.java:344)
	at org.apache.coyote.http11.Http11Processor.service(Http11Processor.java:397)
	at org.apache.coyote.AbstractProcessorLight.process(AbstractProcessorLight.java:63)
	at org.apache.coyote.AbstractProtocol$ConnectionHandler.process(AbstractProtocol.java:905)
	at org.apache.tomcat.util.net.NioEndpoint$SocketProcessor.doRun(NioEndpoint.java:1741)
	at org.apache.tomcat.util.net.SocketProcessorBase.run(SocketProcessorBase.java:52)
	at org.apache.tomcat.util.threads.ThreadPoolExecutor.runWorker(ThreadPoolExecutor.java:1190)
	at org.apache.tomcat.util.threads.ThreadPoolExecutor$Worker.run(ThreadPoolExecutor.java:659)
	at org.apache.tomcat.util.threads.TaskThread$WrappingRunnable.run(TaskThread.java:63)
	at java.base/java.lang.Thread.run(Thread.java:1570)
Caused by: com.fasterxml.jackson.databind.exc.MismatchedInputException: Cannot deserialize value of type `java.util.LinkedHashMap<java.lang.String,com.example.ticketing.model.User>` from Array value (token `JsonToken.START_ARRAY`)
 at [Source: REDACTED (`StreamReadFeature.INCLUDE_SOURCE_IN_LOCATION` disabled); line: 1, column: 1]
	at com.fasterxml.jackson.databind.exc.MismatchedInputException.from(MismatchedInputException.java:59)
	at com.fasterxml.jackson.databind.DeserializationContext.reportInputMismatch(DeserializationContext.java:1767)
	at com.fasterxml.jackson.databind.DeserializationContext.handleUnexpectedToken(DeserializationContext.java:1541)
	at com.fasterxml.jackson.databind.deser.std.StdDeserializer._deserializeFromArray(StdDeserializer.java:222)
	at com.fasterxml.jackson.databind.deser.std.MapDeserializer.deserialize(MapDeserializer.java:457)
	at com.fasterxml.jackson.databind.deser.std.MapDeserializer.deserialize(MapDeserializer.java:32)
	at com.fasterxml.jackson.databind.deser.DefaultDeserializationContext.readRootValue(DefaultDeserializationContext.java:342)
	at com.fasterxml.jackson.databind.ObjectReader._bindAndClose(ObjectReader.java:2125)
	at com.fasterxml.jackson.databind.ObjectReader.readValue(ObjectReader.java:1501)
	at org.springframework.http.converter.json.AbstractJackson2HttpMessageConverter.readJavaType(AbstractJackson2HttpMessageConverter.java:398)
	... 51 common frames omitted
2024-12-12 08:03:32 [http-nio-8080-exec-9] ERROR c.e.ticketManager.util.GlobalLogger - JSON parse error: Cannot deserialize value of type `java.util.LinkedHashMap<java.lang.String,com.example.ticketing.model.User>` from Array value (token `JsonToken.START_ARRAY`)
org.springframework.http.converter.HttpMessageNotReadableException: JSON parse error: Cannot deserialize value of type `java.util.LinkedHashMap<java.lang.String,com.example.ticketing.model.User>` from Array value (token `JsonToken.START_ARRAY`)
	at org.springframework.http.converter.json.AbstractJackson2HttpMessageConverter.readJavaType(AbstractJackson2HttpMessageConverter.java:409)
	at org.springframework.http.converter.json.AbstractJackson2HttpMessageConverter.read(AbstractJackson2HttpMessageConverter.java:357)
	at org.springframework.web.servlet.mvc.method.annotation.AbstractMessageConverterMethodArgumentResolver.readWithMessageConverters(AbstractMessageConverterMethodArgumentResolver.java:204)
	at org.springframework.web.servlet.mvc.method.annotation.RequestResponseBodyMethodProcessor.readWithMessageConverters(RequestResponseBodyMethodProcessor.java:176)
	at org.springframework.web.servlet.mvc.method.annotation.RequestResponseBodyMethodProcessor.resolveArgument(RequestResponseBodyMethodProcessor.java:150)
	at org.springframework.web.method.support.HandlerMethodArgumentResolverComposite.resolveArgument(HandlerMethodArgumentResolverComposite.java:122)
	at org.springframework.web.method.support.InvocableHandlerMethod.getMethodArgumentValues(InvocableHandlerMethod.java:224)
	at org.springframework.web.method.support.InvocableHandlerMethod.invokeForRequest(InvocableHandlerMethod.java:178)
	at org.springframework.web.servlet.mvc.method.annotation.ServletInvocableHandlerMethod.invokeAndHandle(ServletInvocableHandlerMethod.java:118)
	at org.springframework.web.servlet.mvc.method.annotation.RequestMappingHandlerAdapter.invokeHandlerMethod(RequestMappingHandlerAdapter.java:986)
	at org.springframework.web.servlet.mvc.method.annotation.RequestMappingHandlerAdapter.handleInternal(RequestMappingHandlerAdapter.java:891)
	at org.springframework.web.servlet.mvc.method.AbstractHandlerMethodAdapter.handle(AbstractHandlerMethodAdapter.java:87)
	at org.springframework.web.servlet.DispatcherServlet.doDispatch(DispatcherServlet.java:1088)
	at org.springframework.web.servlet.DispatcherServlet.doService(DispatcherServlet.java:978)
	at org.springframework.web.servlet.FrameworkServlet.processRequest(FrameworkServlet.java:1014)
	at org.springframework.web.servlet.FrameworkServlet.doPost(FrameworkServlet.java:914)
	at jakarta.servlet.http.HttpServlet.service(HttpServlet.java:590)
	at org.springframework.web.servlet.FrameworkServlet.service(FrameworkServlet.java:885)
	at jakarta.servlet.http.HttpServlet.service(HttpServlet.java:658)
	at org.apache.catalina.core.ApplicationFilterChain.internalDoFilter(ApplicationFilterChain.java:195)
	at org.apache.catalina.core.ApplicationFilterChain.doFilter(ApplicationFilterChain.java:140)
	at org.apache.tomcat.websocket.server.WsFilter.doFilter(WsFilter.java:51)
	at org.apache.catalina.core.ApplicationFilterChain.internalDoFilter(ApplicationFilterChain.java:164)
	at org.apache.catalina.core.ApplicationFilterChain.doFilter(ApplicationFilterChain.java:140)
	at org.springframework.web.filter.RequestContextFilter.doFilterInternal(RequestContextFilter.java:100)
	at org.springframework.web.filter.OncePerRequestFilter.doFilter(OncePerRequestFilter.java:116)
	at org.apache.catalina.core.ApplicationFilterChain.internalDoFilter(ApplicationFilterChain.java:164)
	at org.apache.catalina.core.ApplicationFilterChain.doFilter(ApplicationFilterChain.java:140)
	at org.springframework.web.filter.FormContentFilter.doFilterInternal(FormContentFilter.java:93)
	at org.springframework.web.filter.OncePerRequestFilter.doFilter(OncePerRequestFilter.java:116)
	at org.apache.catalina.core.ApplicationFilterChain.internalDoFilter(ApplicationFilterChain.java:164)
	at org.apache.catalina.core.ApplicationFilterChain.doFilter(ApplicationFilterChain.java:140)
	at org.springframework.web.filter.CharacterEncodingFilter.doFilterInternal(CharacterEncodingFilter.java:201)
	at org.springframework.web.filter.OncePerRequestFilter.doFilter(OncePerRequestFilter.java:116)
	at org.apache.catalina.core.ApplicationFilterChain.internalDoFilter(ApplicationFilterChain.java:164)
	at org.apache.catalina.core.ApplicationFilterChain.doFilter(ApplicationFilterChain.java:140)
	at org.apache.catalina.core.StandardWrapperValve.invoke(StandardWrapperValve.java:167)
	at org.apache.catalina.core.StandardContextValve.invoke(StandardContextValve.java:90)
	at org.apache.catalina.authenticator.AuthenticatorBase.invoke(AuthenticatorBase.java:483)
	at org.apache.catalina.core.StandardHostValve.invoke(StandardHostValve.java:115)
	at org.apache.catalina.valves.ErrorReportValve.invoke(ErrorReportValve.java:93)
	at org.apache.catalina.core.StandardEngineValve.invoke(StandardEngineValve.java:74)
	at org.apache.catalina.connector.CoyoteAdapter.service(CoyoteAdapter.java:344)
	at org.apache.coyote.http11.Http11Processor.service(Http11Processor.java:397)
	at org.apache.coyote.AbstractProcessorLight.process(AbstractProcessorLight.java:63)
	at org.apache.coyote.AbstractProtocol$ConnectionHandler.process(AbstractProtocol.java:905)
	at org.apache.tomcat.util.net.NioEndpoint$SocketProcessor.doRun(NioEndpoint.java:1741)
	at org.apache.tomcat.util.net.SocketProcessorBase.run(SocketProcessorBase.java:52)
	at org.apache.tomcat.util.threads.ThreadPoolExecutor.runWorker(ThreadPoolExecutor.java:1190)
	at org.apache.tomcat.util.threads.ThreadPoolExecutor$Worker.run(ThreadPoolExecutor.java:659)
	at org.apache.tomcat.util.threads.TaskThread$WrappingRunnable.run(TaskThread.java:63)
	at java.base/java.lang.Thread.run(Thread.java:1570)
Caused by: com.fasterxml.jackson.databind.exc.MismatchedInputException: Cannot deserialize value of type `java.util.LinkedHashMap<java.lang.String,com.example.ticketing.model.User>` from Array value (token `JsonToken.START_ARRAY`)
 at [Source: REDACTED (`StreamReadFeature.INCLUDE_SOURCE_IN_LOCATION` disabled); line: 1, column: 1]
	at com.fasterxml.jackson.databind.exc.MismatchedInputException.from(MismatchedInputException.java:59)
	at com.fasterxml.jackson.databind.DeserializationContext.reportInputMismatch(DeserializationContext.java:1767)
	at com.fasterxml.jackson.databind.DeserializationContext.handleUnexpectedToken(DeserializationContext.java:1541)
	at com.fasterxml.jackson.databind.deser.std.StdDeserializer._deserializeFromArray(StdDeserializer.java:222)
	at com.fasterxml.jackson.databind.deser.std.MapDeserializer.deserialize(MapDeserializer.java:457)
	at com.fasterxml.jackson.databind.deser.std.MapDeserializer.deserialize(MapDeserializer.java:32)
	at com.fasterxml.jackson.databind.deser.DefaultDeserializationContext.readRootValue(DefaultDeserializationContext.java:342)
	at com.fasterxml.jackson.databind.ObjectReader._bindAndClose(ObjectReader.java:2125)
	at com.fasterxml.jackson.databind.ObjectReader.readValue(ObjectReader.java:1501)
	at org.springframework.http.converter.json.AbstractJackson2HttpMessageConverter.readJavaType(AbstractJackson2HttpMessageConverter.java:398)
	... 51 common frames omitted
2024-12-12 08:03:32 [http-nio-8080-exec-8] ERROR c.e.ticketManager.util.GlobalLogger - JSON parse error: Cannot deserialize value of type `java.util.LinkedHashMap<java.lang.String,com.example.ticketing.model.User>` from Array value (token `JsonToken.START_ARRAY`)
org.springframework.http.converter.HttpMessageNotReadableException: JSON parse error: Cannot deserialize value of type `java.util.LinkedHashMap<java.lang.String,com.example.ticketing.model.User>` from Array value (token `JsonToken.START_ARRAY`)
	at org.springframework.http.converter.json.AbstractJackson2HttpMessageConverter.readJavaType(AbstractJackson2HttpMessageConverter.java:409)
	at org.springframework.http.converter.json.AbstractJackson2HttpMessageConverter.read(AbstractJackson2HttpMessageConverter.java:357)
	at org.springframework.web.servlet.mvc.method.annotation.AbstractMessageConverterMethodArgumentResolver.readWithMessageConverters(AbstractMessageConverterMethodArgumentResolver.java:204)
	at org.springframework.web.servlet.mvc.method.annotation.RequestResponseBodyMethodProcessor.readWithMessageConverters(RequestResponseBodyMethodProcessor.java:176)
	at org.springframework.web.servlet.mvc.method.annotation.RequestResponseBodyMethodProcessor.resolveArgument(RequestResponseBodyMethodProcessor.java:150)
	at org.springframework.web.method.support.HandlerMethodArgumentResolverComposite.resolveArgument(HandlerMethodArgumentResolverComposite.java:122)
	at org.springframework.web.method.support.InvocableHandlerMethod.getMethodArgumentValues(InvocableHandlerMethod.java:224)
	at org.springframework.web.method.support.InvocableHandlerMethod.invokeForRequest(InvocableHandlerMethod.java:178)
	at org.springframework.web.servlet.mvc.method.annotation.ServletInvocableHandlerMethod.invokeAndHandle(ServletInvocableHandlerMethod.java:118)
	at org.springframework.web.servlet.mvc.method.annotation.RequestMappingHandlerAdapter.invokeHandlerMethod(RequestMappingHandlerAdapter.java:986)
	at org.springframework.web.servlet.mvc.method.annotation.RequestMappingHandlerAdapter.handleInternal(RequestMappingHandlerAdapter.java:891)
	at org.springframework.web.servlet.mvc.method.AbstractHandlerMethodAdapter.handle(AbstractHandlerMethodAdapter.java:87)
	at org.springframework.web.servlet.DispatcherServlet.doDispatch(DispatcherServlet.java:1088)
	at org.springframework.web.servlet.DispatcherServlet.doService(DispatcherServlet.java:978)
	at org.springframework.web.servlet.FrameworkServlet.processRequest(FrameworkServlet.java:1014)
	at org.springframework.web.servlet.FrameworkServlet.doPost(FrameworkServlet.java:914)
	at jakarta.servlet.http.HttpServlet.service(HttpServlet.java:590)
	at org.springframework.web.servlet.FrameworkServlet.service(FrameworkServlet.java:885)
	at jakarta.servlet.http.HttpServlet.service(HttpServlet.java:658)
	at org.apache.catalina.core.ApplicationFilterChain.internalDoFilter(ApplicationFilterChain.java:195)
	at org.apache.catalina.core.ApplicationFilterChain.doFilter(ApplicationFilterChain.java:140)
	at org.apache.tomcat.websocket.server.WsFilter.doFilter(WsFilter.java:51)
	at org.apache.catalina.core.ApplicationFilterChain.internalDoFilter(ApplicationFilterChain.java:164)
	at org.apache.catalina.core.ApplicationFilterChain.doFilter(ApplicationFilterChain.java:140)
	at org.springframework.web.filter.RequestContextFilter.doFilterInternal(RequestContextFilter.java:100)
	at org.springframework.web.filter.OncePerRequestFilter.doFilter(OncePerRequestFilter.java:116)
	at org.apache.catalina.core.ApplicationFilterChain.internalDoFilter(ApplicationFilterChain.java:164)
	at org.apache.catalina.core.ApplicationFilterChain.doFilter(ApplicationFilterChain.java:140)
	at org.springframework.web.filter.FormContentFilter.doFilterInternal(FormContentFilter.java:93)
	at org.springframework.web.filter.OncePerRequestFilter.doFilter(OncePerRequestFilter.java:116)
	at org.apache.catalina.core.ApplicationFilterChain.internalDoFilter(ApplicationFilterChain.java:164)
	at org.apache.catalina.core.ApplicationFilterChain.doFilter(ApplicationFilterChain.java:140)
	at org.springframework.web.filter.CharacterEncodingFilter.doFilterInternal(CharacterEncodingFilter.java:201)
	at org.springframework.web.filter.OncePerRequestFilter.doFilter(OncePerRequestFilter.java:116)
	at org.apache.catalina.core.ApplicationFilterChain.internalDoFilter(ApplicationFilterChain.java:164)
	at org.apache.catalina.core.ApplicationFilterChain.doFilter(ApplicationFilterChain.java:140)
	at org.apache.catalina.core.StandardWrapperValve.invoke(StandardWrapperValve.java:167)
	at org.apache.catalina.core.StandardContextValve.invoke(StandardContextValve.java:90)
	at org.apache.catalina.authenticator.AuthenticatorBase.invoke(AuthenticatorBase.java:483)
	at org.apache.catalina.core.StandardHostValve.invoke(StandardHostValve.java:115)
	at org.apache.catalina.valves.ErrorReportValve.invoke(ErrorReportValve.java:93)
	at org.apache.catalina.core.StandardEngineValve.invoke(StandardEngineValve.java:74)
	at org.apache.catalina.connector.CoyoteAdapter.service(CoyoteAdapter.java:344)
	at org.apache.coyote.http11.Http11Processor.service(Http11Processor.java:397)
	at org.apache.coyote.AbstractProcessorLight.process(AbstractProcessorLight.java:63)
	at org.apache.coyote.AbstractProtocol$ConnectionHandler.process(AbstractProtocol.java:905)
	at org.apache.tomcat.util.net.NioEndpoint$SocketProcessor.doRun(NioEndpoint.java:1741)
	at org.apache.tomcat.util.net.SocketProcessorBase.run(SocketProcessorBase.java:52)
	at org.apache.tomcat.util.threads.ThreadPoolExecutor.runWorker(ThreadPoolExecutor.java:1190)
	at org.apache.tomcat.util.threads.ThreadPoolExecutor$Worker.run(ThreadPoolExecutor.java:659)
	at org.apache.tomcat.util.threads.TaskThread$WrappingRunnable.run(TaskThread.java:63)
	at java.base/java.lang.Thread.run(Thread.java:1570)
Caused by: com.fasterxml.jackson.databind.exc.MismatchedInputException: Cannot deserialize value of type `java.util.LinkedHashMap<java.lang.String,com.example.ticketing.model.User>` from Array value (token `JsonToken.START_ARRAY`)
 at [Source: REDACTED (`StreamReadFeature.INCLUDE_SOURCE_IN_LOCATION` disabled); line: 1, column: 1]
	at com.fasterxml.jackson.databind.exc.MismatchedInputException.from(MismatchedInputException.java:59)
	at com.fasterxml.jackson.databind.DeserializationContext.reportInputMismatch(DeserializationContext.java:1767)
	at com.fasterxml.jackson.databind.DeserializationContext.handleUnexpectedToken(DeserializationContext.java:1541)
	at com.fasterxml.jackson.databind.deser.std.StdDeserializer._deserializeFromArray(StdDeserializer.java:222)
	at com.fasterxml.jackson.databind.deser.std.MapDeserializer.deserialize(MapDeserializer.java:457)
	at com.fasterxml.jackson.databind.deser.std.MapDeserializer.deserialize(MapDeserializer.java:32)
	at com.fasterxml.jackson.databind.deser.DefaultDeserializationContext.readRootValue(DefaultDeserializationContext.java:342)
	at com.fasterxml.jackson.databind.ObjectReader._bindAndClose(ObjectReader.java:2125)
	at com.fasterxml.jackson.databind.ObjectReader.readValue(ObjectReader.java:1501)
	at org.springframework.http.converter.json.AbstractJackson2HttpMessageConverter.readJavaType(AbstractJackson2HttpMessageConverter.java:398)
	... 51 common frames omitted
2024-12-12 08:03:42 [http-nio-8080-exec-10] DEBUG o.s.w.s.s.s.WebSocketHandlerMapping - Mapped to org.springframework.web.socket.server.support.WebSocketHttpRequestHandler@56b9d43f
2024-12-12 08:03:42 [http-nio-8080-exec-10] DEBUG o.s.w.s.s.s.WebSocketHttpRequestHandler - GET /ticketing-websocket
2024-12-12 08:03:43 [http-nio-8080-exec-10] DEBUG o.s.w.s.h.LoggingWebSocketHandlerDecorator - New StandardWebSocketSession[id=dfe6207b-e628-a02f-7a1f-7c83be979734, uri=ws://localhost:8080/ticketing-websocket]
2024-12-12 08:03:55 [http-nio-8080-exec-5] ERROR c.e.ticketManager.util.GlobalLogger - JSON parse error: Cannot deserialize value of type `java.util.LinkedHashMap<java.lang.String,com.example.ticketing.model.User>` from Array value (token `JsonToken.START_ARRAY`)
org.springframework.http.converter.HttpMessageNotReadableException: JSON parse error: Cannot deserialize value of type `java.util.LinkedHashMap<java.lang.String,com.example.ticketing.model.User>` from Array value (token `JsonToken.START_ARRAY`)
	at org.springframework.http.converter.json.AbstractJackson2HttpMessageConverter.readJavaType(AbstractJackson2HttpMessageConverter.java:409)
	at org.springframework.http.converter.json.AbstractJackson2HttpMessageConverter.read(AbstractJackson2HttpMessageConverter.java:357)
	at org.springframework.web.servlet.mvc.method.annotation.AbstractMessageConverterMethodArgumentResolver.readWithMessageConverters(AbstractMessageConverterMethodArgumentResolver.java:204)
	at org.springframework.web.servlet.mvc.method.annotation.RequestResponseBodyMethodProcessor.readWithMessageConverters(RequestResponseBodyMethodProcessor.java:176)
	at org.springframework.web.servlet.mvc.method.annotation.RequestResponseBodyMethodProcessor.resolveArgument(RequestResponseBodyMethodProcessor.java:150)
	at org.springframework.web.method.support.HandlerMethodArgumentResolverComposite.resolveArgument(HandlerMethodArgumentResolverComposite.java:122)
	at org.springframework.web.method.support.InvocableHandlerMethod.getMethodArgumentValues(InvocableHandlerMethod.java:224)
	at org.springframework.web.method.support.InvocableHandlerMethod.invokeForRequest(InvocableHandlerMethod.java:178)
	at org.springframework.web.servlet.mvc.method.annotation.ServletInvocableHandlerMethod.invokeAndHandle(ServletInvocableHandlerMethod.java:118)
	at org.springframework.web.servlet.mvc.method.annotation.RequestMappingHandlerAdapter.invokeHandlerMethod(RequestMappingHandlerAdapter.java:986)
	at org.springframework.web.servlet.mvc.method.annotation.RequestMappingHandlerAdapter.handleInternal(RequestMappingHandlerAdapter.java:891)
	at org.springframework.web.servlet.mvc.method.AbstractHandlerMethodAdapter.handle(AbstractHandlerMethodAdapter.java:87)
	at org.springframework.web.servlet.DispatcherServlet.doDispatch(DispatcherServlet.java:1088)
	at org.springframework.web.servlet.DispatcherServlet.doService(DispatcherServlet.java:978)
	at org.springframework.web.servlet.FrameworkServlet.processRequest(FrameworkServlet.java:1014)
	at org.springframework.web.servlet.FrameworkServlet.doPost(FrameworkServlet.java:914)
	at jakarta.servlet.http.HttpServlet.service(HttpServlet.java:590)
	at org.springframework.web.servlet.FrameworkServlet.service(FrameworkServlet.java:885)
	at jakarta.servlet.http.HttpServlet.service(HttpServlet.java:658)
	at org.apache.catalina.core.ApplicationFilterChain.internalDoFilter(ApplicationFilterChain.java:195)
	at org.apache.catalina.core.ApplicationFilterChain.doFilter(ApplicationFilterChain.java:140)
	at org.apache.tomcat.websocket.server.WsFilter.doFilter(WsFilter.java:51)
	at org.apache.catalina.core.ApplicationFilterChain.internalDoFilter(ApplicationFilterChain.java:164)
	at org.apache.catalina.core.ApplicationFilterChain.doFilter(ApplicationFilterChain.java:140)
	at org.springframework.web.filter.RequestContextFilter.doFilterInternal(RequestContextFilter.java:100)
	at org.springframework.web.filter.OncePerRequestFilter.doFilter(OncePerRequestFilter.java:116)
	at org.apache.catalina.core.ApplicationFilterChain.internalDoFilter(ApplicationFilterChain.java:164)
	at org.apache.catalina.core.ApplicationFilterChain.doFilter(ApplicationFilterChain.java:140)
	at org.springframework.web.filter.FormContentFilter.doFilterInternal(FormContentFilter.java:93)
	at org.springframework.web.filter.OncePerRequestFilter.doFilter(OncePerRequestFilter.java:116)
	at org.apache.catalina.core.ApplicationFilterChain.internalDoFilter(ApplicationFilterChain.java:164)
	at org.apache.catalina.core.ApplicationFilterChain.doFilter(ApplicationFilterChain.java:140)
	at org.springframework.web.filter.CharacterEncodingFilter.doFilterInternal(CharacterEncodingFilter.java:201)
	at org.springframework.web.filter.OncePerRequestFilter.doFilter(OncePerRequestFilter.java:116)
	at org.apache.catalina.core.ApplicationFilterChain.internalDoFilter(ApplicationFilterChain.java:164)
	at org.apache.catalina.core.ApplicationFilterChain.doFilter(ApplicationFilterChain.java:140)
	at org.apache.catalina.core.StandardWrapperValve.invoke(StandardWrapperValve.java:167)
	at org.apache.catalina.core.StandardContextValve.invoke(StandardContextValve.java:90)
	at org.apache.catalina.authenticator.AuthenticatorBase.invoke(AuthenticatorBase.java:483)
	at org.apache.catalina.core.StandardHostValve.invoke(StandardHostValve.java:115)
	at org.apache.catalina.valves.ErrorReportValve.invoke(ErrorReportValve.java:93)
	at org.apache.catalina.core.StandardEngineValve.invoke(StandardEngineValve.java:74)
	at org.apache.catalina.connector.CoyoteAdapter.service(CoyoteAdapter.java:344)
	at org.apache.coyote.http11.Http11Processor.service(Http11Processor.java:397)
	at org.apache.coyote.AbstractProcessorLight.process(AbstractProcessorLight.java:63)
	at org.apache.coyote.AbstractProtocol$ConnectionHandler.process(AbstractProtocol.java:905)
	at org.apache.tomcat.util.net.NioEndpoint$SocketProcessor.doRun(NioEndpoint.java:1741)
	at org.apache.tomcat.util.net.SocketProcessorBase.run(SocketProcessorBase.java:52)
	at org.apache.tomcat.util.threads.ThreadPoolExecutor.runWorker(ThreadPoolExecutor.java:1190)
	at org.apache.tomcat.util.threads.ThreadPoolExecutor$Worker.run(ThreadPoolExecutor.java:659)
	at org.apache.tomcat.util.threads.TaskThread$WrappingRunnable.run(TaskThread.java:63)
	at java.base/java.lang.Thread.run(Thread.java:1570)
Caused by: com.fasterxml.jackson.databind.exc.MismatchedInputException: Cannot deserialize value of type `java.util.LinkedHashMap<java.lang.String,com.example.ticketing.model.User>` from Array value (token `JsonToken.START_ARRAY`)
 at [Source: REDACTED (`StreamReadFeature.INCLUDE_SOURCE_IN_LOCATION` disabled); line: 1, column: 1]
	at com.fasterxml.jackson.databind.exc.MismatchedInputException.from(MismatchedInputException.java:59)
	at com.fasterxml.jackson.databind.DeserializationContext.reportInputMismatch(DeserializationContext.java:1767)
	at com.fasterxml.jackson.databind.DeserializationContext.handleUnexpectedToken(DeserializationContext.java:1541)
	at com.fasterxml.jackson.databind.deser.std.StdDeserializer._deserializeFromArray(StdDeserializer.java:222)
	at com.fasterxml.jackson.databind.deser.std.MapDeserializer.deserialize(MapDeserializer.java:457)
	at com.fasterxml.jackson.databind.deser.std.MapDeserializer.deserialize(MapDeserializer.java:32)
	at com.fasterxml.jackson.databind.deser.DefaultDeserializationContext.readRootValue(DefaultDeserializationContext.java:342)
	at com.fasterxml.jackson.databind.ObjectReader._bindAndClose(ObjectReader.java:2125)
	at com.fasterxml.jackson.databind.ObjectReader.readValue(ObjectReader.java:1501)
	at org.springframework.http.converter.json.AbstractJackson2HttpMessageConverter.readJavaType(AbstractJackson2HttpMessageConverter.java:398)
	... 51 common frames omitted
2024-12-12 08:03:55 [http-nio-8080-exec-6] ERROR c.e.ticketManager.util.GlobalLogger - JSON parse error: Cannot deserialize value of type `java.util.LinkedHashMap<java.lang.String,com.example.ticketing.model.User>` from Array value (token `JsonToken.START_ARRAY`)
org.springframework.http.converter.HttpMessageNotReadableException: JSON parse error: Cannot deserialize value of type `java.util.LinkedHashMap<java.lang.String,com.example.ticketing.model.User>` from Array value (token `JsonToken.START_ARRAY`)
	at org.springframework.http.converter.json.AbstractJackson2HttpMessageConverter.readJavaType(AbstractJackson2HttpMessageConverter.java:409)
	at org.springframework.http.converter.json.AbstractJackson2HttpMessageConverter.read(AbstractJackson2HttpMessageConverter.java:357)
	at org.springframework.web.servlet.mvc.method.annotation.AbstractMessageConverterMethodArgumentResolver.readWithMessageConverters(AbstractMessageConverterMethodArgumentResolver.java:204)
	at org.springframework.web.servlet.mvc.method.annotation.RequestResponseBodyMethodProcessor.readWithMessageConverters(RequestResponseBodyMethodProcessor.java:176)
	at org.springframework.web.servlet.mvc.method.annotation.RequestResponseBodyMethodProcessor.resolveArgument(RequestResponseBodyMethodProcessor.java:150)
	at org.springframework.web.method.support.HandlerMethodArgumentResolverComposite.resolveArgument(HandlerMethodArgumentResolverComposite.java:122)
	at org.springframework.web.method.support.InvocableHandlerMethod.getMethodArgumentValues(InvocableHandlerMethod.java:224)
	at org.springframework.web.method.support.InvocableHandlerMethod.invokeForRequest(InvocableHandlerMethod.java:178)
	at org.springframework.web.servlet.mvc.method.annotation.ServletInvocableHandlerMethod.invokeAndHandle(ServletInvocableHandlerMethod.java:118)
	at org.springframework.web.servlet.mvc.method.annotation.RequestMappingHandlerAdapter.invokeHandlerMethod(RequestMappingHandlerAdapter.java:986)
	at org.springframework.web.servlet.mvc.method.annotation.RequestMappingHandlerAdapter.handleInternal(RequestMappingHandlerAdapter.java:891)
	at org.springframework.web.servlet.mvc.method.AbstractHandlerMethodAdapter.handle(AbstractHandlerMethodAdapter.java:87)
	at org.springframework.web.servlet.DispatcherServlet.doDispatch(DispatcherServlet.java:1088)
	at org.springframework.web.servlet.DispatcherServlet.doService(DispatcherServlet.java:978)
	at org.springframework.web.servlet.FrameworkServlet.processRequest(FrameworkServlet.java:1014)
	at org.springframework.web.servlet.FrameworkServlet.doPost(FrameworkServlet.java:914)
	at jakarta.servlet.http.HttpServlet.service(HttpServlet.java:590)
	at org.springframework.web.servlet.FrameworkServlet.service(FrameworkServlet.java:885)
	at jakarta.servlet.http.HttpServlet.service(HttpServlet.java:658)
	at org.apache.catalina.core.ApplicationFilterChain.internalDoFilter(ApplicationFilterChain.java:195)
	at org.apache.catalina.core.ApplicationFilterChain.doFilter(ApplicationFilterChain.java:140)
	at org.apache.tomcat.websocket.server.WsFilter.doFilter(WsFilter.java:51)
	at org.apache.catalina.core.ApplicationFilterChain.internalDoFilter(ApplicationFilterChain.java:164)
	at org.apache.catalina.core.ApplicationFilterChain.doFilter(ApplicationFilterChain.java:140)
	at org.springframework.web.filter.RequestContextFilter.doFilterInternal(RequestContextFilter.java:100)
	at org.springframework.web.filter.OncePerRequestFilter.doFilter(OncePerRequestFilter.java:116)
	at org.apache.catalina.core.ApplicationFilterChain.internalDoFilter(ApplicationFilterChain.java:164)
	at org.apache.catalina.core.ApplicationFilterChain.doFilter(ApplicationFilterChain.java:140)
	at org.springframework.web.filter.FormContentFilter.doFilterInternal(FormContentFilter.java:93)
	at org.springframework.web.filter.OncePerRequestFilter.doFilter(OncePerRequestFilter.java:116)
	at org.apache.catalina.core.ApplicationFilterChain.internalDoFilter(ApplicationFilterChain.java:164)
	at org.apache.catalina.core.ApplicationFilterChain.doFilter(ApplicationFilterChain.java:140)
	at org.springframework.web.filter.CharacterEncodingFilter.doFilterInternal(CharacterEncodingFilter.java:201)
	at org.springframework.web.filter.OncePerRequestFilter.doFilter(OncePerRequestFilter.java:116)
	at org.apache.catalina.core.ApplicationFilterChain.internalDoFilter(ApplicationFilterChain.java:164)
	at org.apache.catalina.core.ApplicationFilterChain.doFilter(ApplicationFilterChain.java:140)
	at org.apache.catalina.core.StandardWrapperValve.invoke(StandardWrapperValve.java:167)
	at org.apache.catalina.core.StandardContextValve.invoke(StandardContextValve.java:90)
	at org.apache.catalina.authenticator.AuthenticatorBase.invoke(AuthenticatorBase.java:483)
	at org.apache.catalina.core.StandardHostValve.invoke(StandardHostValve.java:115)
	at org.apache.catalina.valves.ErrorReportValve.invoke(ErrorReportValve.java:93)
	at org.apache.catalina.core.StandardEngineValve.invoke(StandardEngineValve.java:74)
	at org.apache.catalina.connector.CoyoteAdapter.service(CoyoteAdapter.java:344)
	at org.apache.coyote.http11.Http11Processor.service(Http11Processor.java:397)
	at org.apache.coyote.AbstractProcessorLight.process(AbstractProcessorLight.java:63)
	at org.apache.coyote.AbstractProtocol$ConnectionHandler.process(AbstractProtocol.java:905)
	at org.apache.tomcat.util.net.NioEndpoint$SocketProcessor.doRun(NioEndpoint.java:1741)
	at org.apache.tomcat.util.net.SocketProcessorBase.run(SocketProcessorBase.java:52)
	at org.apache.tomcat.util.threads.ThreadPoolExecutor.runWorker(ThreadPoolExecutor.java:1190)
	at org.apache.tomcat.util.threads.ThreadPoolExecutor$Worker.run(ThreadPoolExecutor.java:659)
	at org.apache.tomcat.util.threads.TaskThread$WrappingRunnable.run(TaskThread.java:63)
	at java.base/java.lang.Thread.run(Thread.java:1570)
Caused by: com.fasterxml.jackson.databind.exc.MismatchedInputException: Cannot deserialize value of type `java.util.LinkedHashMap<java.lang.String,com.example.ticketing.model.User>` from Array value (token `JsonToken.START_ARRAY`)
 at [Source: REDACTED (`StreamReadFeature.INCLUDE_SOURCE_IN_LOCATION` disabled); line: 1, column: 1]
	at com.fasterxml.jackson.databind.exc.MismatchedInputException.from(MismatchedInputException.java:59)
	at com.fasterxml.jackson.databind.DeserializationContext.reportInputMismatch(DeserializationContext.java:1767)
	at com.fasterxml.jackson.databind.DeserializationContext.handleUnexpectedToken(DeserializationContext.java:1541)
	at com.fasterxml.jackson.databind.deser.std.StdDeserializer._deserializeFromArray(StdDeserializer.java:222)
	at com.fasterxml.jackson.databind.deser.std.MapDeserializer.deserialize(MapDeserializer.java:457)
	at com.fasterxml.jackson.databind.deser.std.MapDeserializer.deserialize(MapDeserializer.java:32)
	at com.fasterxml.jackson.databind.deser.DefaultDeserializationContext.readRootValue(DefaultDeserializationContext.java:342)
	at com.fasterxml.jackson.databind.ObjectReader._bindAndClose(ObjectReader.java:2125)
	at com.fasterxml.jackson.databind.ObjectReader.readValue(ObjectReader.java:1501)
	at org.springframework.http.converter.json.AbstractJackson2HttpMessageConverter.readJavaType(AbstractJackson2HttpMessageConverter.java:398)
	... 51 common frames omitted
2024-12-12 08:04:26 [http-nio-8080-exec-7] DEBUG o.s.w.s.h.LoggingWebSocketHandlerDecorator - StandardWebSocketSession[id=dfe6207b-e628-a02f-7a1f-7c83be979734, uri=ws://localhost:8080/ticketing-websocket] closed with CloseStatus[code=1001, reason=null]
2024-12-12 08:04:28 [http-nio-8080-exec-9] DEBUG o.s.w.s.s.s.WebSocketHandlerMapping - Mapped to org.springframework.web.socket.server.support.WebSocketHttpRequestHandler@56b9d43f
2024-12-12 08:04:28 [http-nio-8080-exec-9] DEBUG o.s.w.s.s.s.WebSocketHttpRequestHandler - GET /ticketing-websocket
2024-12-12 08:04:28 [http-nio-8080-exec-9] DEBUG o.s.w.s.h.LoggingWebSocketHandlerDecorator - New StandardWebSocketSession[id=a3aaa6d1-01b0-f23a-6875-f9211598ecad, uri=ws://localhost:8080/ticketing-websocket]
2024-12-12 08:04:52 [http-nio-8080-exec-1] INFO  c.e.ticketManager.util.GlobalLogger - {vendor-a48922150bbe497878c71129018306526f0a66f306e8326b1=com.example.ticketing.model.User@28ba971f}
2024-12-12 08:05:02 [pool-2-thread-2] DEBUG o.s.w.s.h.LoggingWebSocketHandlerDecorator - StandardWebSocketSession[id=a3aaa6d1-01b0-f23a-6875-f9211598ecad, uri=ws://localhost:8080/ticketing-websocket] closed with CloseStatus[code=1006, reason=The current thread was interrupted while waiting for a blocking send to complete]
2024-12-12 08:06:32 [http-nio-8080-exec-8] DEBUG o.s.w.s.s.s.WebSocketHandlerMapping - Mapped to org.springframework.web.socket.server.support.WebSocketHttpRequestHandler@56b9d43f
2024-12-12 08:06:32 [http-nio-8080-exec-8] DEBUG o.s.w.s.s.s.WebSocketHttpRequestHandler - GET /ticketing-websocket
2024-12-12 08:06:32 [http-nio-8080-exec-8] DEBUG o.s.w.s.h.LoggingWebSocketHandlerDecorator - New StandardWebSocketSession[id=d12eeb35-422a-8056-6e6e-0c8313830367, uri=ws://localhost:8080/ticketing-websocket]
2024-12-12 08:06:32 [pool-2-thread-1] DEBUG o.s.w.s.h.LoggingWebSocketHandlerDecorator - StandardWebSocketSession[id=d12eeb35-422a-8056-6e6e-0c8313830367, uri=ws://localhost:8080/ticketing-websocket] closed with CloseStatus[code=1006, reason=The current thread was interrupted while waiting for a blocking send to complete]
2024-12-12 08:06:32 [http-nio-8080-exec-8] DEBUG o.s.w.s.h.LoggingWebSocketHandlerDecorator - Transport error in StandardWebSocketSession[id=d12eeb35-422a-8056-6e6e-0c8313830367, uri=ws://localhost:8080/ticketing-websocket]
java.nio.channels.ClosedChannelException: null
	at org.apache.tomcat.util.net.NioEndpoint$NioSocketWrapper.fillReadBuffer(NioEndpoint.java:1251)
	at org.apache.tomcat.util.net.NioEndpoint$NioSocketWrapper.read(NioEndpoint.java:1181)
	at org.apache.tomcat.websocket.server.WsFrameServer.onDataAvailable(WsFrameServer.java:74)
	at org.apache.tomcat.websocket.server.WsFrameServer.doOnDataAvailable(WsFrameServer.java:184)
	at org.apache.tomcat.websocket.server.WsFrameServer.notifyDataAvailable(WsFrameServer.java:164)
	at org.apache.tomcat.websocket.server.WsHttpUpgradeHandler.upgradeDispatch(WsHttpUpgradeHandler.java:152)
	at org.apache.coyote.http11.upgrade.UpgradeProcessorInternal.dispatch(UpgradeProcessorInternal.java:60)
	at org.apache.coyote.AbstractProcessorLight.process(AbstractProcessorLight.java:57)
	at org.apache.coyote.AbstractProtocol$ConnectionHandler.process(AbstractProtocol.java:905)
	at org.apache.tomcat.util.net.NioEndpoint$SocketProcessor.doRun(NioEndpoint.java:1741)
	at org.apache.tomcat.util.net.SocketProcessorBase.run(SocketProcessorBase.java:52)
	at org.apache.tomcat.util.threads.ThreadPoolExecutor.runWorker(ThreadPoolExecutor.java:1190)
	at org.apache.tomcat.util.threads.ThreadPoolExecutor$Worker.run(ThreadPoolExecutor.java:659)
	at org.apache.tomcat.util.threads.TaskThread$WrappingRunnable.run(TaskThread.java:63)
	at java.base/java.lang.Thread.run(Thread.java:1570)
2024-12-12 08:07:00 [http-nio-8080-exec-5] INFO  c.e.ticketManager.util.GlobalLogger - {vendor-a48922150bbe497878c71129018306526f0a66f306e8326b1=com.example.ticketing.model.User@19287683}
2024-12-12 08:08:01 [SpringApplicationShutdownHook] INFO  o.s.b.w.e.tomcat.GracefulShutdown - Commencing graceful shutdown. Waiting for active requests to complete
2024-12-12 08:08:01 [tomcat-shutdown] INFO  o.s.b.w.e.tomcat.GracefulShutdown - Graceful shutdown complete
2024-12-12 08:08:07 [main] INFO  c.e.t.TicketManagerApplication - Starting TicketManagerApplication using Java 22.0.2 with PID 17272 (C:\Users\Pramesh\Desktop\IIT CW\ticketManager\target\classes started by Pramesh in C:\Users\Pramesh\Desktop\IIT CW\ticketManager)
2024-12-12 08:08:07 [main] INFO  c.e.t.TicketManagerApplication - No active profile set, falling back to 1 default profile: "default"
2024-12-12 08:08:08 [main] INFO  o.s.d.r.c.RepositoryConfigurationDelegate - Bootstrapping Spring Data MongoDB repositories in DEFAULT mode.
2024-12-12 08:08:08 [main] INFO  o.s.d.r.c.RepositoryConfigurationDelegate - Finished Spring Data repository scanning in 72 ms. Found 1 MongoDB repository interface.
2024-12-12 08:08:08 [main] INFO  o.s.b.w.e.tomcat.TomcatWebServer - Tomcat initialized with port 8080 (http)
2024-12-12 08:08:08 [main] INFO  o.a.coyote.http11.Http11NioProtocol - Initializing ProtocolHandler ["http-nio-8080"]
2024-12-12 08:08:08 [main] INFO  o.a.catalina.core.StandardService - Starting service [Tomcat]
2024-12-12 08:08:08 [main] INFO  o.a.catalina.core.StandardEngine - Starting Servlet engine: [Apache Tomcat/10.1.33]
2024-12-12 08:08:08 [main] INFO  o.a.c.c.C.[Tomcat].[localhost].[/] - Initializing Spring embedded WebApplicationContext
2024-12-12 08:08:08 [main] INFO  o.s.b.w.s.c.ServletWebServerApplicationContext - Root WebApplicationContext: initialization completed in 1178 ms
2024-12-12 08:08:09 [main] INFO  org.mongodb.driver.client - MongoClient with metadata {"application": {"name": "ticketing-app-cluster"}, "driver": {"name": "mongo-java-driver|sync|spring-boot", "version": "5.2.1"}, "os": {"type": "Windows", "name": "Windows 11", "architecture": "amd64", "version": "10.0"}, "platform": "Java/Oracle Corporation/22.0.2+9-70"} created with settings MongoClientSettings{readPreference=primary, writeConcern=WriteConcern{w=majority, wTimeout=null ms, journal=null}, retryWrites=true, retryReads=true, readConcern=ReadConcern{level=null}, credential=MongoCredential{mechanism=null, userName='ticketingapp', source='admin', password=<hidden>, mechanismProperties=<hidden>}, transportSettings=null, commandListeners=[], codecRegistry=ProvidersCodecRegistry{codecProviders=[ValueCodecProvider{}, BsonValueCodecProvider{}, DBRefCodecProvider{}, DBObjectCodecProvider{}, DocumentCodecProvider{}, CollectionCodecProvider{}, IterableCodecProvider{}, MapCodecProvider{}, GeoJsonCodecProvider{}, GridFSFileCodecProvider{}, Jsr310CodecProvider{}, JsonObjectCodecProvider{}, BsonCodecProvider{}, EnumCodecProvider{}, com.mongodb.client.model.mql.ExpressionCodecProvider@150fc7a7, com.mongodb.Jep395RecordCodecProvider@55d8c2c4, com.mongodb.KotlinCodecProvider@798cf6d2]}, loggerSettings=LoggerSettings{maxDocumentLength=1000}, clusterSettings={hosts=[127.0.0.1:27017], srvHost=ticketing-app-cluster.ippit.mongodb.net, srvServiceName=mongodb, mode=MULTIPLE, requiredClusterType=REPLICA_SET, requiredReplicaSetName='atlas-1bi6sw-shard-0', serverSelector='null', clusterListeners='[]', serverSelectionTimeout='30000 ms', localThreshold='15 ms'}, socketSettings=SocketSettings{connectTimeoutMS=10000, readTimeoutMS=0, receiveBufferSize=0, proxySettings=ProxySettings{host=null, port=null, username=null, password=null}}, heartbeatSocketSettings=SocketSettings{connectTimeoutMS=10000, readTimeoutMS=10000, receiveBufferSize=0, proxySettings=ProxySettings{host=null, port=null, username=null, password=null}}, connectionPoolSettings=ConnectionPoolSettings{maxSize=100, minSize=0, maxWaitTimeMS=120000, maxConnectionLifeTimeMS=0, maxConnectionIdleTimeMS=0, maintenanceInitialDelayMS=0, maintenanceFrequencyMS=60000, connectionPoolListeners=[], maxConnecting=2}, serverSettings=ServerSettings{heartbeatFrequencyMS=10000, minHeartbeatFrequencyMS=500, serverMonitoringMode=AUTO, serverListeners='[]', serverMonitorListeners='[]'}, sslSettings=SslSettings{enabled=true, invalidHostNameAllowed=false, context=null}, applicationName='ticketing-app-cluster', compressorList=[], uuidRepresentation=JAVA_LEGACY, serverApi=null, autoEncryptionSettings=null, dnsClient=null, inetAddressResolver=null, contextProvider=null, timeoutMS=null}
2024-12-12 08:08:09 [cluster-ClusterId{value='675a4c916b7df84f5edb6581', description='ticketing-app-cluster'}-srv-ticketing-app-cluster.ippit.mongodb.net] INFO  org.mongodb.driver.cluster - Adding discovered server ticketing-app-cluster-shard-00-02.ippit.mongodb.net:27017 to client view of cluster
2024-12-12 08:08:09 [cluster-ClusterId{value='675a4c916b7df84f5edb6581', description='ticketing-app-cluster'}-srv-ticketing-app-cluster.ippit.mongodb.net] INFO  org.mongodb.driver.cluster - Adding discovered server ticketing-app-cluster-shard-00-01.ippit.mongodb.net:27017 to client view of cluster
2024-12-12 08:08:09 [cluster-ClusterId{value='675a4c916b7df84f5edb6581', description='ticketing-app-cluster'}-srv-ticketing-app-cluster.ippit.mongodb.net] INFO  org.mongodb.driver.cluster - Adding discovered server ticketing-app-cluster-shard-00-00.ippit.mongodb.net:27017 to client view of cluster
2024-12-12 08:08:09 [main] DEBUG o.s.w.s.s.s.WebSocketHandlerMapping - Patterns [/ticketing-websocket] in 'webSocketHandlerMapping'
2024-12-12 08:08:09 [main] INFO  o.a.coyote.http11.Http11NioProtocol - Starting ProtocolHandler ["http-nio-8080"]
2024-12-12 08:08:09 [main] INFO  o.s.b.w.e.tomcat.TomcatWebServer - Tomcat started on port 8080 (http) with context path '/'
2024-12-12 08:08:09 [main] INFO  c.e.t.TicketManagerApplication - Started TicketManagerApplication in 3.189 seconds (process running for 4.014)
2024-12-12 08:08:10 [cluster-ClusterId{value='675a4c916b7df84f5edb6581', description='ticketing-app-cluster'}-ticketing-app-cluster-shard-00-02.ippit.mongodb.net:27017] INFO  org.mongodb.driver.cluster - Monitor thread successfully connected to server with description ServerDescription{address=ticketing-app-cluster-shard-00-02.ippit.mongodb.net:27017, type=REPLICA_SET_PRIMARY, cryptd=false, state=CONNECTED, ok=true, minWireVersion=0, maxWireVersion=25, maxDocumentSize=16777216, logicalSessionTimeoutMinutes=30, roundTripTimeNanos=843458100, minRoundTripTimeNanos=0, setName='atlas-1bi6sw-shard-0', canonicalAddress=ticketing-app-cluster-shard-00-02.ippit.mongodb.net:27017, hosts=[ticketing-app-cluster-shard-00-00.ippit.mongodb.net:27017, ticketing-app-cluster-shard-00-01.ippit.mongodb.net:27017, ticketing-app-cluster-shard-00-02.ippit.mongodb.net:27017], passives=[], arbiters=[], primary='ticketing-app-cluster-shard-00-02.ippit.mongodb.net:27017', tagSet=TagSet{[Tag{name='availabilityZone', value='asia-south1-c'}, Tag{name='diskState', value='READY'}, Tag{name='nodeType', value='ELECTABLE'}, Tag{name='provider', value='GCP'}, Tag{name='region', value='ASIA_SOUTH_1'}, Tag{name='workloadType', value='OPERATIONAL'}]}, electionId=7fffffff000000000000001e, setVersion=4, topologyVersion=TopologyVersion{processId=67599bb00b4c8dfc028d18fe, counter=6}, lastWriteDate=Thu Dec 12 08:08:08 IST 2024, lastUpdateTimeNanos=13346762610700}
2024-12-12 08:08:10 [cluster-ClusterId{value='675a4c916b7df84f5edb6581', description='ticketing-app-cluster'}-ticketing-app-cluster-shard-00-02.ippit.mongodb.net:27017] INFO  org.mongodb.driver.cluster - Discovered replica set primary ticketing-app-cluster-shard-00-02.ippit.mongodb.net:27017 with max election id 7fffffff000000000000001e and max set version 4
2024-12-12 08:08:11 [cluster-ClusterId{value='675a4c916b7df84f5edb6581', description='ticketing-app-cluster'}-ticketing-app-cluster-shard-00-00.ippit.mongodb.net:27017] INFO  org.mongodb.driver.cluster - Monitor thread successfully connected to server with description ServerDescription{address=ticketing-app-cluster-shard-00-00.ippit.mongodb.net:27017, type=REPLICA_SET_SECONDARY, cryptd=false, state=CONNECTED, ok=true, minWireVersion=0, maxWireVersion=25, maxDocumentSize=16777216, logicalSessionTimeoutMinutes=30, roundTripTimeNanos=2088504200, minRoundTripTimeNanos=0, setName='atlas-1bi6sw-shard-0', canonicalAddress=ticketing-app-cluster-shard-00-00.ippit.mongodb.net:27017, hosts=[ticketing-app-cluster-shard-00-00.ippit.mongodb.net:27017, ticketing-app-cluster-shard-00-01.ippit.mongodb.net:27017, ticketing-app-cluster-shard-00-02.ippit.mongodb.net:27017], passives=[], arbiters=[], primary='ticketing-app-cluster-shard-00-02.ippit.mongodb.net:27017', tagSet=TagSet{[Tag{name='availabilityZone', value='asia-south1-a'}, Tag{name='diskState', value='READY'}, Tag{name='nodeType', value='ELECTABLE'}, Tag{name='provider', value='GCP'}, Tag{name='region', value='ASIA_SOUTH_1'}, Tag{name='workloadType', value='OPERATIONAL'}]}, electionId=null, setVersion=4, topologyVersion=TopologyVersion{processId=67599b84e71ee8747f63f2ce, counter=4}, lastWriteDate=Thu Dec 12 08:08:10 IST 2024, lastUpdateTimeNanos=13348013267800}
2024-12-12 08:08:13 [cluster-ClusterId{value='675a4c916b7df84f5edb6581', description='ticketing-app-cluster'}-ticketing-app-cluster-shard-00-01.ippit.mongodb.net:27017] INFO  org.mongodb.driver.cluster - Monitor thread successfully connected to server with description ServerDescription{address=ticketing-app-cluster-shard-00-01.ippit.mongodb.net:27017, type=REPLICA_SET_SECONDARY, cryptd=false, state=CONNECTED, ok=true, minWireVersion=0, maxWireVersion=25, maxDocumentSize=16777216, logicalSessionTimeoutMinutes=30, roundTripTimeNanos=3342903900, minRoundTripTimeNanos=0, setName='atlas-1bi6sw-shard-0', canonicalAddress=ticketing-app-cluster-shard-00-01.ippit.mongodb.net:27017, hosts=[ticketing-app-cluster-shard-00-00.ippit.mongodb.net:27017, ticketing-app-cluster-shard-00-01.ippit.mongodb.net:27017, ticketing-app-cluster-shard-00-02.ippit.mongodb.net:27017], passives=[], arbiters=[], primary='ticketing-app-cluster-shard-00-02.ippit.mongodb.net:27017', tagSet=TagSet{[Tag{name='availabilityZone', value='asia-south1-b'}, Tag{name='diskState', value='READY'}, Tag{name='nodeType', value='ELECTABLE'}, Tag{name='provider', value='GCP'}, Tag{name='region', value='ASIA_SOUTH_1'}, Tag{name='workloadType', value='OPERATIONAL'}]}, electionId=null, setVersion=4, topologyVersion=TopologyVersion{processId=67599bddd2cfd7ee5f13f5c8, counter=3}, lastWriteDate=Thu Dec 12 08:08:11 IST 2024, lastUpdateTimeNanos=13349267667900}
2024-12-12 08:08:13 [http-nio-8080-exec-2] INFO  o.a.c.c.C.[Tomcat].[localhost].[/] - Initializing Spring DispatcherServlet 'dispatcherServlet'
2024-12-12 08:08:13 [http-nio-8080-exec-2] INFO  o.s.web.servlet.DispatcherServlet - Initializing Servlet 'dispatcherServlet'
2024-12-12 08:08:13 [http-nio-8080-exec-2] INFO  o.s.web.servlet.DispatcherServlet - Completed initialization in 1 ms
2024-12-12 08:08:13 [http-nio-8080-exec-2] DEBUG o.s.w.s.s.s.WebSocketHandlerMapping - Mapped to org.springframework.web.socket.server.support.WebSocketHttpRequestHandler@6dece1f9
2024-12-12 08:08:13 [http-nio-8080-exec-2] DEBUG o.s.w.s.s.s.WebSocketHttpRequestHandler - GET /ticketing-websocket
2024-12-12 08:08:13 [http-nio-8080-exec-2] DEBUG o.s.w.s.h.LoggingWebSocketHandlerDecorator - New StandardWebSocketSession[id=cc98c27e-1081-4971-6579-4f2fbd2542e7, uri=ws://localhost:8080/ticketing-websocket]
2024-12-12 08:08:32 [http-nio-8080-exec-4] INFO  c.e.ticketManager.util.GlobalLogger - {vendor-a48922150bbe497878c71129018306526f0a66f306e8326b1=com.example.ticketing.model.User@2db587b5}
2024-12-12 08:08:52 [pool-2-thread-1] DEBUG o.s.w.s.h.LoggingWebSocketHandlerDecorator - StandardWebSocketSession[id=cc98c27e-1081-4971-6579-4f2fbd2542e7, uri=ws://localhost:8080/ticketing-websocket] closed with CloseStatus[code=1006, reason=The current thread was interrupted while waiting for a blocking send to complete]
2024-12-12 08:11:15 [http-nio-8080-exec-3] DEBUG o.s.w.s.s.s.WebSocketHandlerMapping - Mapped to org.springframework.web.socket.server.support.WebSocketHttpRequestHandler@6dece1f9
2024-12-12 08:11:15 [http-nio-8080-exec-3] DEBUG o.s.w.s.s.s.WebSocketHttpRequestHandler - GET /ticketing-websocket
2024-12-12 08:11:15 [http-nio-8080-exec-3] DEBUG o.s.w.s.h.LoggingWebSocketHandlerDecorator - New StandardWebSocketSession[id=6de398d9-d10d-4718-c312-b6ac5106d024, uri=ws://localhost:8080/ticketing-websocket]
2024-12-12 08:11:15 [pool-2-thread-2] DEBUG o.s.w.s.h.LoggingWebSocketHandlerDecorator - StandardWebSocketSession[id=6de398d9-d10d-4718-c312-b6ac5106d024, uri=ws://localhost:8080/ticketing-websocket] closed with CloseStatus[code=1006, reason=The current thread was interrupted while waiting for a blocking send to complete]
2024-12-12 08:11:46 [http-nio-8080-exec-4] DEBUG o.s.w.s.s.s.WebSocketHandlerMapping - Mapped to org.springframework.web.socket.server.support.WebSocketHttpRequestHandler@6dece1f9
2024-12-12 08:11:46 [http-nio-8080-exec-4] DEBUG o.s.w.s.s.s.WebSocketHttpRequestHandler - GET /ticketing-websocket
2024-12-12 08:11:46 [http-nio-8080-exec-4] DEBUG o.s.w.s.h.LoggingWebSocketHandlerDecorator - New StandardWebSocketSession[id=8540d241-e070-646c-0980-d19c1e8681c5, uri=ws://localhost:8080/ticketing-websocket]
2024-12-12 08:12:32 [http-nio-8080-exec-10] INFO  c.e.ticketManager.util.GlobalLogger - {vendor-a48922150bbe497878c71129018306526f0a66f306e8326b1=com.example.ticketing.model.User@d2ec6cb}
2024-12-12 08:13:01 [http-nio-8080-exec-3] INFO  c.e.ticketManager.util.GlobalLogger - {vendor-0508b89e800fa9f123931d8721814d8884425d23ac38a0897=com.example.ticketing.model.User@2391529d}
2024-12-12 08:13:34 [SpringApplicationShutdownHook] INFO  o.s.b.w.e.tomcat.GracefulShutdown - Commencing graceful shutdown. Waiting for active requests to complete
2024-12-12 08:13:34 [tomcat-shutdown] INFO  o.s.b.w.e.tomcat.GracefulShutdown - Graceful shutdown complete
2024-12-12 08:13:34 [SpringApplicationShutdownHook] DEBUG o.s.w.s.h.LoggingWebSocketHandlerDecorator - Transport error in StandardWebSocketSession[id=8540d241-e070-646c-0980-d19c1e8681c5, uri=ws://localhost:8080/ticketing-websocket]
java.io.IOException: java.nio.channels.ClosedChannelException
	at org.apache.tomcat.websocket.WsRemoteEndpointImplBase.sendMessageBlockInternal(WsRemoteEndpointImplBase.java:326)
	at org.apache.tomcat.websocket.WsRemoteEndpointImplBase.sendMessageBlock(WsRemoteEndpointImplBase.java:266)
	at org.apache.tomcat.websocket.WsSession.sendCloseMessage(WsSession.java:792)
	at org.apache.tomcat.websocket.WsSession.doClose(WsSession.java:589)
	at org.apache.tomcat.websocket.WsSession.doClose(WsSession.java:556)
	at org.apache.tomcat.websocket.WsSession.close(WsSession.java:544)
	at org.apache.tomcat.websocket.WsWebSocketContainer.destroy(WsWebSocketContainer.java:1024)
	at org.apache.tomcat.websocket.server.WsContextListener.contextDestroyed(WsContextListener.java:46)
	at org.apache.catalina.core.StandardContext.listenerStop(StandardContext.java:4052)
	at org.apache.catalina.core.StandardContext.stopInternal(StandardContext.java:4662)
	at org.apache.catalina.util.LifecycleBase.stop(LifecycleBase.java:235)
	at org.apache.catalina.core.ContainerBase$StopChild.call(ContainerBase.java:1219)
	at org.apache.catalina.core.ContainerBase$StopChild.call(ContainerBase.java:1208)
	at java.base/java.util.concurrent.FutureTask.run$$$capture(FutureTask.java:317)
	at java.base/java.util.concurrent.FutureTask.run(FutureTask.java)
	at org.apache.tomcat.util.threads.InlineExecutorService.execute(InlineExecutorService.java:75)
	at java.base/java.util.concurrent.AbstractExecutorService.submit(AbstractExecutorService.java:145)
	at org.apache.catalina.core.ContainerBase.stopInternal(ContainerBase.java:814)
	at org.apache.catalina.util.LifecycleBase.stop(LifecycleBase.java:235)
	at org.apache.catalina.core.ContainerBase$StopChild.call(ContainerBase.java:1219)
	at org.apache.catalina.core.ContainerBase$StopChild.call(ContainerBase.java:1208)
	at java.base/java.util.concurrent.FutureTask.run$$$capture(FutureTask.java:317)
	at java.base/java.util.concurrent.FutureTask.run(FutureTask.java)
	at org.apache.tomcat.util.threads.InlineExecutorService.execute(InlineExecutorService.java:75)
	at java.base/java.util.concurrent.AbstractExecutorService.submit(AbstractExecutorService.java:145)
	at org.apache.catalina.core.ContainerBase.stopInternal(ContainerBase.java:814)
	at org.apache.catalina.util.LifecycleBase.stop(LifecycleBase.java:235)
	at org.apache.catalina.core.StandardService.stopInternal(StandardService.java:471)
	at org.apache.catalina.util.LifecycleBase.stop(LifecycleBase.java:235)
	at org.apache.catalina.core.StandardServer.stopInternal(StandardServer.java:915)
	at org.apache.catalina.util.LifecycleBase.stop(LifecycleBase.java:235)
	at org.apache.catalina.startup.Tomcat.stop(Tomcat.java:447)
	at org.springframework.boot.web.embedded.tomcat.TomcatWebServer.stopTomcat(TomcatWebServer.java:301)
	at org.springframework.boot.web.embedded.tomcat.TomcatWebServer.destroy(TomcatWebServer.java:374)
	at org.springframework.boot.web.servlet.context.ServletWebServerApplicationContext.doClose(ServletWebServerApplicationContext.java:177)
	at org.springframework.context.support.AbstractApplicationContext.close(AbstractApplicationContext.java:1126)
	at org.springframework.boot.SpringApplicationShutdownHook.closeAndWait(SpringApplicationShutdownHook.java:145)
	at java.base/java.lang.Iterable.forEach(Iterable.java:75)
	at org.springframework.boot.SpringApplicationShutdownHook.run(SpringApplicationShutdownHook.java:114)
	at java.base/java.lang.Thread.run(Thread.java:1570)
Caused by: java.nio.channels.ClosedChannelException: null
	at org.apache.tomcat.util.net.NioChannel$1.write(NioChannel.java:273)
	at org.apache.tomcat.util.net.NioEndpoint$NioSocketWrapper$NioOperationState.run(NioEndpoint.java:1632)
	at org.apache.tomcat.util.net.SocketWrapperBase$OperationState.start(SocketWrapperBase.java:1051)
	at org.apache.tomcat.util.net.SocketWrapperBase.vectoredOperation(SocketWrapperBase.java:1440)
	at org.apache.tomcat.util.net.SocketWrapperBase.write(SocketWrapperBase.java:1366)
	at org.apache.tomcat.util.net.SocketWrapperBase.write(SocketWrapperBase.java:1337)
	at org.apache.tomcat.websocket.server.WsRemoteEndpointImplServer.doWrite(WsRemoteEndpointImplServer.java:171)
	at org.apache.tomcat.websocket.WsRemoteEndpointImplBase.writeMessagePart(WsRemoteEndpointImplBase.java:521)
	at org.apache.tomcat.websocket.WsRemoteEndpointImplBase.sendMessageBlockInternal(WsRemoteEndpointImplBase.java:313)
	... 39 common frames omitted
2024-12-12 08:13:34 [SpringApplicationShutdownHook] DEBUG o.s.w.s.h.LoggingWebSocketHandlerDecorator - StandardWebSocketSession[id=8540d241-e070-646c-0980-d19c1e8681c5, uri=ws://localhost:8080/ticketing-websocket] closed with CloseStatus[code=1001, reason=The web application is stopping]
2024-12-12 08:13:36 [main] INFO  c.e.t.TicketManagerApplication - Starting TicketManagerApplication using Java 22.0.2 with PID 15188 (C:\Users\Pramesh\Desktop\IIT CW\ticketManager\target\classes started by Pramesh in C:\Users\Pramesh\Desktop\IIT CW\ticketManager)
2024-12-12 08:13:37 [main] INFO  c.e.t.TicketManagerApplication - No active profile set, falling back to 1 default profile: "default"
2024-12-12 08:13:37 [main] INFO  o.s.d.r.c.RepositoryConfigurationDelegate - Bootstrapping Spring Data MongoDB repositories in DEFAULT mode.
2024-12-12 08:13:37 [main] INFO  o.s.d.r.c.RepositoryConfigurationDelegate - Finished Spring Data repository scanning in 56 ms. Found 1 MongoDB repository interface.
2024-12-12 08:13:38 [main] INFO  o.s.b.w.e.tomcat.TomcatWebServer - Tomcat initialized with port 8080 (http)
2024-12-12 08:13:38 [main] INFO  o.a.coyote.http11.Http11NioProtocol - Initializing ProtocolHandler ["http-nio-8080"]
2024-12-12 08:13:38 [main] INFO  o.a.catalina.core.StandardService - Starting service [Tomcat]
2024-12-12 08:13:38 [main] INFO  o.a.catalina.core.StandardEngine - Starting Servlet engine: [Apache Tomcat/10.1.33]
2024-12-12 08:13:38 [main] INFO  o.a.c.c.C.[Tomcat].[localhost].[/] - Initializing Spring embedded WebApplicationContext
2024-12-12 08:13:38 [main] INFO  o.s.b.w.s.c.ServletWebServerApplicationContext - Root WebApplicationContext: initialization completed in 1189 ms
2024-12-12 08:13:38 [main] INFO  org.mongodb.driver.client - MongoClient with metadata {"application": {"name": "ticketing-app-cluster"}, "driver": {"name": "mongo-java-driver|sync|spring-boot", "version": "5.2.1"}, "os": {"type": "Windows", "name": "Windows 11", "architecture": "amd64", "version": "10.0"}, "platform": "Java/Oracle Corporation/22.0.2+9-70"} created with settings MongoClientSettings{readPreference=primary, writeConcern=WriteConcern{w=majority, wTimeout=null ms, journal=null}, retryWrites=true, retryReads=true, readConcern=ReadConcern{level=null}, credential=MongoCredential{mechanism=null, userName='ticketingapp', source='admin', password=<hidden>, mechanismProperties=<hidden>}, transportSettings=null, commandListeners=[], codecRegistry=ProvidersCodecRegistry{codecProviders=[ValueCodecProvider{}, BsonValueCodecProvider{}, DBRefCodecProvider{}, DBObjectCodecProvider{}, DocumentCodecProvider{}, CollectionCodecProvider{}, IterableCodecProvider{}, MapCodecProvider{}, GeoJsonCodecProvider{}, GridFSFileCodecProvider{}, Jsr310CodecProvider{}, JsonObjectCodecProvider{}, BsonCodecProvider{}, EnumCodecProvider{}, com.mongodb.client.model.mql.ExpressionCodecProvider@7ea71fc2, com.mongodb.Jep395RecordCodecProvider@19ad75e5, com.mongodb.KotlinCodecProvider@7cd5fcf4]}, loggerSettings=LoggerSettings{maxDocumentLength=1000}, clusterSettings={hosts=[127.0.0.1:27017], srvHost=ticketing-app-cluster.ippit.mongodb.net, srvServiceName=mongodb, mode=MULTIPLE, requiredClusterType=REPLICA_SET, requiredReplicaSetName='atlas-1bi6sw-shard-0', serverSelector='null', clusterListeners='[]', serverSelectionTimeout='30000 ms', localThreshold='15 ms'}, socketSettings=SocketSettings{connectTimeoutMS=10000, readTimeoutMS=0, receiveBufferSize=0, proxySettings=ProxySettings{host=null, port=null, username=null, password=null}}, heartbeatSocketSettings=SocketSettings{connectTimeoutMS=10000, readTimeoutMS=10000, receiveBufferSize=0, proxySettings=ProxySettings{host=null, port=null, username=null, password=null}}, connectionPoolSettings=ConnectionPoolSettings{maxSize=100, minSize=0, maxWaitTimeMS=120000, maxConnectionLifeTimeMS=0, maxConnectionIdleTimeMS=0, maintenanceInitialDelayMS=0, maintenanceFrequencyMS=60000, connectionPoolListeners=[], maxConnecting=2}, serverSettings=ServerSettings{heartbeatFrequencyMS=10000, minHeartbeatFrequencyMS=500, serverMonitoringMode=AUTO, serverListeners='[]', serverMonitorListeners='[]'}, sslSettings=SslSettings{enabled=true, invalidHostNameAllowed=false, context=null}, applicationName='ticketing-app-cluster', compressorList=[], uuidRepresentation=JAVA_LEGACY, serverApi=null, autoEncryptionSettings=null, dnsClient=null, inetAddressResolver=null, contextProvider=null, timeoutMS=null}
2024-12-12 08:13:38 [cluster-ClusterId{value='675a4dda4a36e453841b3038', description='ticketing-app-cluster'}-srv-ticketing-app-cluster.ippit.mongodb.net] INFO  org.mongodb.driver.cluster - Adding discovered server ticketing-app-cluster-shard-00-02.ippit.mongodb.net:27017 to client view of cluster
2024-12-12 08:13:38 [cluster-ClusterId{value='675a4dda4a36e453841b3038', description='ticketing-app-cluster'}-srv-ticketing-app-cluster.ippit.mongodb.net] INFO  org.mongodb.driver.cluster - Adding discovered server ticketing-app-cluster-shard-00-01.ippit.mongodb.net:27017 to client view of cluster
2024-12-12 08:13:38 [cluster-ClusterId{value='675a4dda4a36e453841b3038', description='ticketing-app-cluster'}-srv-ticketing-app-cluster.ippit.mongodb.net] INFO  org.mongodb.driver.cluster - Adding discovered server ticketing-app-cluster-shard-00-00.ippit.mongodb.net:27017 to client view of cluster
2024-12-12 08:13:39 [main] DEBUG o.s.w.s.s.s.WebSocketHandlerMapping - Patterns [/ticketing-websocket] in 'webSocketHandlerMapping'
2024-12-12 08:13:39 [main] INFO  o.a.coyote.http11.Http11NioProtocol - Starting ProtocolHandler ["http-nio-8080"]
2024-12-12 08:13:39 [main] INFO  o.s.b.w.e.tomcat.TomcatWebServer - Tomcat started on port 8080 (http) with context path '/'
2024-12-12 08:13:39 [main] INFO  c.e.t.TicketManagerApplication - Started TicketManagerApplication in 3.137 seconds (process running for 4.137)
2024-12-12 08:13:40 [cluster-ClusterId{value='675a4dda4a36e453841b3038', description='ticketing-app-cluster'}-ticketing-app-cluster-shard-00-00.ippit.mongodb.net:27017] INFO  org.mongodb.driver.cluster - Monitor thread successfully connected to server with description ServerDescription{address=ticketing-app-cluster-shard-00-00.ippit.mongodb.net:27017, type=REPLICA_SET_SECONDARY, cryptd=false, state=CONNECTED, ok=true, minWireVersion=0, maxWireVersion=25, maxDocumentSize=16777216, logicalSessionTimeoutMinutes=30, roundTripTimeNanos=1061322600, minRoundTripTimeNanos=0, setName='atlas-1bi6sw-shard-0', canonicalAddress=ticketing-app-cluster-shard-00-00.ippit.mongodb.net:27017, hosts=[ticketing-app-cluster-shard-00-00.ippit.mongodb.net:27017, ticketing-app-cluster-shard-00-01.ippit.mongodb.net:27017, ticketing-app-cluster-shard-00-02.ippit.mongodb.net:27017], passives=[], arbiters=[], primary='ticketing-app-cluster-shard-00-02.ippit.mongodb.net:27017', tagSet=TagSet{[Tag{name='availabilityZone', value='asia-south1-a'}, Tag{name='diskState', value='READY'}, Tag{name='nodeType', value='ELECTABLE'}, Tag{name='provider', value='GCP'}, Tag{name='region', value='ASIA_SOUTH_1'}, Tag{name='workloadType', value='OPERATIONAL'}]}, electionId=null, setVersion=4, topologyVersion=TopologyVersion{processId=67599b84e71ee8747f63f2ce, counter=4}, lastWriteDate=Thu Dec 12 08:13:39 IST 2024, lastUpdateTimeNanos=13676463846100}
2024-12-12 08:13:40 [cluster-ClusterId{value='675a4dda4a36e453841b3038', description='ticketing-app-cluster'}-ticketing-app-cluster-shard-00-01.ippit.mongodb.net:27017] INFO  org.mongodb.driver.cluster - Monitor thread successfully connected to server with description ServerDescription{address=ticketing-app-cluster-shard-00-01.ippit.mongodb.net:27017, type=REPLICA_SET_SECONDARY, cryptd=false, state=CONNECTED, ok=true, minWireVersion=0, maxWireVersion=25, maxDocumentSize=16777216, logicalSessionTimeoutMinutes=30, roundTripTimeNanos=1452470900, minRoundTripTimeNanos=0, setName='atlas-1bi6sw-shard-0', canonicalAddress=ticketing-app-cluster-shard-00-01.ippit.mongodb.net:27017, hosts=[ticketing-app-cluster-shard-00-00.ippit.mongodb.net:27017, ticketing-app-cluster-shard-00-01.ippit.mongodb.net:27017, ticketing-app-cluster-shard-00-02.ippit.mongodb.net:27017], passives=[], arbiters=[], primary='ticketing-app-cluster-shard-00-02.ippit.mongodb.net:27017', tagSet=TagSet{[Tag{name='availabilityZone', value='asia-south1-b'}, Tag{name='diskState', value='READY'}, Tag{name='nodeType', value='ELECTABLE'}, Tag{name='provider', value='GCP'}, Tag{name='region', value='ASIA_SOUTH_1'}, Tag{name='workloadType', value='OPERATIONAL'}]}, electionId=null, setVersion=4, topologyVersion=TopologyVersion{processId=67599bddd2cfd7ee5f13f5c8, counter=3}, lastWriteDate=Thu Dec 12 08:13:39 IST 2024, lastUpdateTimeNanos=13676760182100}
2024-12-12 08:13:41 [cluster-ClusterId{value='675a4dda4a36e453841b3038', description='ticketing-app-cluster'}-ticketing-app-cluster-shard-00-02.ippit.mongodb.net:27017] INFO  org.mongodb.driver.cluster - Monitor thread successfully connected to server with description ServerDescription{address=ticketing-app-cluster-shard-00-02.ippit.mongodb.net:27017, type=REPLICA_SET_PRIMARY, cryptd=false, state=CONNECTED, ok=true, minWireVersion=0, maxWireVersion=25, maxDocumentSize=16777216, logicalSessionTimeoutMinutes=30, roundTripTimeNanos=2587133600, minRoundTripTimeNanos=0, setName='atlas-1bi6sw-shard-0', canonicalAddress=ticketing-app-cluster-shard-00-02.ippit.mongodb.net:27017, hosts=[ticketing-app-cluster-shard-00-00.ippit.mongodb.net:27017, ticketing-app-cluster-shard-00-01.ippit.mongodb.net:27017, ticketing-app-cluster-shard-00-02.ippit.mongodb.net:27017], passives=[], arbiters=[], primary='ticketing-app-cluster-shard-00-02.ippit.mongodb.net:27017', tagSet=TagSet{[Tag{name='availabilityZone', value='asia-south1-c'}, Tag{name='diskState', value='READY'}, Tag{name='nodeType', value='ELECTABLE'}, Tag{name='provider', value='GCP'}, Tag{name='region', value='ASIA_SOUTH_1'}, Tag{name='workloadType', value='OPERATIONAL'}]}, electionId=7fffffff000000000000001e, setVersion=4, topologyVersion=TopologyVersion{processId=67599bb00b4c8dfc028d18fe, counter=6}, lastWriteDate=Thu Dec 12 08:13:40 IST 2024, lastUpdateTimeNanos=13677894801500}
2024-12-12 08:13:41 [cluster-ClusterId{value='675a4dda4a36e453841b3038', description='ticketing-app-cluster'}-ticketing-app-cluster-shard-00-02.ippit.mongodb.net:27017] INFO  org.mongodb.driver.cluster - Discovered replica set primary ticketing-app-cluster-shard-00-02.ippit.mongodb.net:27017 with max election id 7fffffff000000000000001e and max set version 4
2024-12-12 08:13:55 [http-nio-8080-exec-3] INFO  o.a.c.c.C.[Tomcat].[localhost].[/] - Initializing Spring DispatcherServlet 'dispatcherServlet'
2024-12-12 08:13:55 [http-nio-8080-exec-3] INFO  o.s.web.servlet.DispatcherServlet - Initializing Servlet 'dispatcherServlet'
2024-12-12 08:13:55 [http-nio-8080-exec-3] INFO  o.s.web.servlet.DispatcherServlet - Completed initialization in 1 ms
2024-12-12 08:13:55 [http-nio-8080-exec-2] INFO  c.e.ticketManager.util.GlobalLogger - {}
2024-12-12 08:16:50 [SpringApplicationShutdownHook] INFO  o.s.b.w.e.tomcat.GracefulShutdown - Commencing graceful shutdown. Waiting for active requests to complete
2024-12-12 08:16:50 [tomcat-shutdown] INFO  o.s.b.w.e.tomcat.GracefulShutdown - Graceful shutdown complete
2024-12-12 08:24:51 [main] INFO  c.e.t.TicketManagerApplication - Starting TicketManagerApplication using Java 22.0.2 with PID 17580 (C:\Users\Pramesh\Desktop\IIT CW\ticketManager\target\classes started by Pramesh in C:\Users\Pramesh\Desktop\IIT CW\ticketManager)
2024-12-12 08:24:51 [main] INFO  c.e.t.TicketManagerApplication - No active profile set, falling back to 1 default profile: "default"
2024-12-12 08:24:52 [main] INFO  o.s.d.r.c.RepositoryConfigurationDelegate - Bootstrapping Spring Data MongoDB repositories in DEFAULT mode.
2024-12-12 08:24:52 [main] INFO  o.s.d.r.c.RepositoryConfigurationDelegate - Finished Spring Data repository scanning in 55 ms. Found 1 MongoDB repository interface.
2024-12-12 08:24:52 [main] INFO  o.s.b.w.e.tomcat.TomcatWebServer - Tomcat initialized with port 8080 (http)
2024-12-12 08:24:52 [main] INFO  o.a.coyote.http11.Http11NioProtocol - Initializing ProtocolHandler ["http-nio-8080"]
2024-12-12 08:24:52 [main] INFO  o.a.catalina.core.StandardService - Starting service [Tomcat]
2024-12-12 08:24:52 [main] INFO  o.a.catalina.core.StandardEngine - Starting Servlet engine: [Apache Tomcat/10.1.33]
2024-12-12 08:24:52 [main] INFO  o.a.c.c.C.[Tomcat].[localhost].[/] - Initializing Spring embedded WebApplicationContext
2024-12-12 08:24:52 [main] INFO  o.s.b.w.s.c.ServletWebServerApplicationContext - Root WebApplicationContext: initialization completed in 1217 ms
2024-12-12 08:24:53 [main] INFO  org.mongodb.driver.client - MongoClient with metadata {"application": {"name": "ticketing-app-cluster"}, "driver": {"name": "mongo-java-driver|sync|spring-boot", "version": "5.2.1"}, "os": {"type": "Windows", "name": "Windows 11", "architecture": "amd64", "version": "10.0"}, "platform": "Java/Oracle Corporation/22.0.2+9-70"} created with settings MongoClientSettings{readPreference=primary, writeConcern=WriteConcern{w=majority, wTimeout=null ms, journal=null}, retryWrites=true, retryReads=true, readConcern=ReadConcern{level=null}, credential=MongoCredential{mechanism=null, userName='ticketingapp', source='admin', password=<hidden>, mechanismProperties=<hidden>}, transportSettings=null, commandListeners=[], codecRegistry=ProvidersCodecRegistry{codecProviders=[ValueCodecProvider{}, BsonValueCodecProvider{}, DBRefCodecProvider{}, DBObjectCodecProvider{}, DocumentCodecProvider{}, CollectionCodecProvider{}, IterableCodecProvider{}, MapCodecProvider{}, GeoJsonCodecProvider{}, GridFSFileCodecProvider{}, Jsr310CodecProvider{}, JsonObjectCodecProvider{}, BsonCodecProvider{}, EnumCodecProvider{}, com.mongodb.client.model.mql.ExpressionCodecProvider@3830b06c, com.mongodb.Jep395RecordCodecProvider@3e28d779, com.mongodb.KotlinCodecProvider@15214920]}, loggerSettings=LoggerSettings{maxDocumentLength=1000}, clusterSettings={hosts=[127.0.0.1:27017], srvHost=ticketing-app-cluster.ippit.mongodb.net, srvServiceName=mongodb, mode=MULTIPLE, requiredClusterType=REPLICA_SET, requiredReplicaSetName='atlas-1bi6sw-shard-0', serverSelector='null', clusterListeners='[]', serverSelectionTimeout='30000 ms', localThreshold='15 ms'}, socketSettings=SocketSettings{connectTimeoutMS=10000, readTimeoutMS=0, receiveBufferSize=0, proxySettings=ProxySettings{host=null, port=null, username=null, password=null}}, heartbeatSocketSettings=SocketSettings{connectTimeoutMS=10000, readTimeoutMS=10000, receiveBufferSize=0, proxySettings=ProxySettings{host=null, port=null, username=null, password=null}}, connectionPoolSettings=ConnectionPoolSettings{maxSize=100, minSize=0, maxWaitTimeMS=120000, maxConnectionLifeTimeMS=0, maxConnectionIdleTimeMS=0, maintenanceInitialDelayMS=0, maintenanceFrequencyMS=60000, connectionPoolListeners=[], maxConnecting=2}, serverSettings=ServerSettings{heartbeatFrequencyMS=10000, minHeartbeatFrequencyMS=500, serverMonitoringMode=AUTO, serverListeners='[]', serverMonitorListeners='[]'}, sslSettings=SslSettings{enabled=true, invalidHostNameAllowed=false, context=null}, applicationName='ticketing-app-cluster', compressorList=[], uuidRepresentation=JAVA_LEGACY, serverApi=null, autoEncryptionSettings=null, dnsClient=null, inetAddressResolver=null, contextProvider=null, timeoutMS=null}
2024-12-12 08:24:53 [cluster-ClusterId{value='675a507d1dfaaa4c3aecde2e', description='ticketing-app-cluster'}-srv-ticketing-app-cluster.ippit.mongodb.net] INFO  org.mongodb.driver.cluster - Adding discovered server ticketing-app-cluster-shard-00-02.ippit.mongodb.net:27017 to client view of cluster
2024-12-12 08:24:53 [cluster-ClusterId{value='675a507d1dfaaa4c3aecde2e', description='ticketing-app-cluster'}-srv-ticketing-app-cluster.ippit.mongodb.net] INFO  org.mongodb.driver.cluster - Adding discovered server ticketing-app-cluster-shard-00-01.ippit.mongodb.net:27017 to client view of cluster
2024-12-12 08:24:53 [cluster-ClusterId{value='675a507d1dfaaa4c3aecde2e', description='ticketing-app-cluster'}-srv-ticketing-app-cluster.ippit.mongodb.net] INFO  org.mongodb.driver.cluster - Adding discovered server ticketing-app-cluster-shard-00-00.ippit.mongodb.net:27017 to client view of cluster
2024-12-12 08:24:53 [main] DEBUG o.s.w.s.s.s.WebSocketHandlerMapping - Patterns [/ticketing-websocket] in 'webSocketHandlerMapping'
2024-12-12 08:24:53 [main] INFO  o.a.coyote.http11.Http11NioProtocol - Starting ProtocolHandler ["http-nio-8080"]
2024-12-12 08:24:53 [main] INFO  o.s.b.w.e.tomcat.TomcatWebServer - Tomcat started on port 8080 (http) with context path '/'
2024-12-12 08:24:53 [main] INFO  c.e.t.TicketManagerApplication - Started TicketManagerApplication in 2.891 seconds (process running for 3.914)
2024-12-12 08:24:55 [cluster-ClusterId{value='675a507d1dfaaa4c3aecde2e', description='ticketing-app-cluster'}-ticketing-app-cluster-shard-00-02.ippit.mongodb.net:27017] INFO  org.mongodb.driver.cluster - Monitor thread successfully connected to server with description ServerDescription{address=ticketing-app-cluster-shard-00-02.ippit.mongodb.net:27017, type=REPLICA_SET_PRIMARY, cryptd=false, state=CONNECTED, ok=true, minWireVersion=0, maxWireVersion=25, maxDocumentSize=16777216, logicalSessionTimeoutMinutes=30, roundTripTimeNanos=1651686500, minRoundTripTimeNanos=0, setName='atlas-1bi6sw-shard-0', canonicalAddress=ticketing-app-cluster-shard-00-02.ippit.mongodb.net:27017, hosts=[ticketing-app-cluster-shard-00-00.ippit.mongodb.net:27017, ticketing-app-cluster-shard-00-01.ippit.mongodb.net:27017, ticketing-app-cluster-shard-00-02.ippit.mongodb.net:27017], passives=[], arbiters=[], primary='ticketing-app-cluster-shard-00-02.ippit.mongodb.net:27017', tagSet=TagSet{[Tag{name='availabilityZone', value='asia-south1-c'}, Tag{name='diskState', value='READY'}, Tag{name='nodeType', value='ELECTABLE'}, Tag{name='provider', value='GCP'}, Tag{name='region', value='ASIA_SOUTH_1'}, Tag{name='workloadType', value='OPERATIONAL'}]}, electionId=7fffffff000000000000001e, setVersion=4, topologyVersion=TopologyVersion{processId=67599bb00b4c8dfc028d18fe, counter=6}, lastWriteDate=Thu Dec 12 08:24:53 IST 2024, lastUpdateTimeNanos=14351425744300}
2024-12-12 08:24:55 [cluster-ClusterId{value='675a507d1dfaaa4c3aecde2e', description='ticketing-app-cluster'}-ticketing-app-cluster-shard-00-02.ippit.mongodb.net:27017] INFO  org.mongodb.driver.cluster - Discovered replica set primary ticketing-app-cluster-shard-00-02.ippit.mongodb.net:27017 with max election id 7fffffff000000000000001e and max set version 4
2024-12-12 08:24:55 [SpringApplicationShutdownHook] INFO  o.s.b.w.e.tomcat.GracefulShutdown - Commencing graceful shutdown. Waiting for active requests to complete
2024-12-12 08:24:55 [tomcat-shutdown] INFO  o.s.b.w.e.tomcat.GracefulShutdown - Graceful shutdown complete
2025-01-18 00:51:59 [main] INFO  c.e.t.TicketManagerApplication - Starting TicketManagerApplication using Java 17.0.12 with PID 8272 (C:\Users\Pramesh\Desktop\Viva\multithread-ticketing-app-server\target\classes started by Pramesh in C:\Users\Pramesh\Desktop\Viva\multithread-ticketing-app-server)
2025-01-18 00:51:59 [main] INFO  c.e.t.TicketManagerApplication - No active profile set, falling back to 1 default profile: "default"
2025-01-18 00:52:00 [main] INFO  o.s.d.r.c.RepositoryConfigurationDelegate - Bootstrapping Spring Data MongoDB repositories in DEFAULT mode.
2025-01-18 00:52:00 [main] INFO  o.s.d.r.c.RepositoryConfigurationDelegate - Finished Spring Data repository scanning in 70 ms. Found 1 MongoDB repository interface.
2025-01-18 00:52:00 [main] INFO  o.s.b.w.e.tomcat.TomcatWebServer - Tomcat initialized with port 8080 (http)
2025-01-18 00:52:00 [main] INFO  o.a.coyote.http11.Http11NioProtocol - Initializing ProtocolHandler ["http-nio-8080"]
2025-01-18 00:52:00 [main] INFO  o.a.catalina.core.StandardService - Starting service [Tomcat]
2025-01-18 00:52:00 [main] INFO  o.a.catalina.core.StandardEngine - Starting Servlet engine: [Apache Tomcat/10.1.33]
2025-01-18 00:52:00 [main] INFO  o.a.c.c.C.[Tomcat].[localhost].[/] - Initializing Spring embedded WebApplicationContext
2025-01-18 00:52:00 [main] INFO  o.s.b.w.s.c.ServletWebServerApplicationContext - Root WebApplicationContext: initialization completed in 1491 ms
2025-01-18 00:52:01 [main] INFO  org.mongodb.driver.client - MongoClient with metadata {"application": {"name": "ticketing-app-cluster"}, "driver": {"name": "mongo-java-driver|sync|spring-boot", "version": "5.2.1"}, "os": {"type": "Windows", "name": "Windows 11", "architecture": "amd64", "version": "10.0"}, "platform": "Java/Oracle Corporation/17.0.12+8-LTS-286"} created with settings MongoClientSettings{readPreference=primary, writeConcern=WriteConcern{w=majority, wTimeout=null ms, journal=null}, retryWrites=true, retryReads=true, readConcern=ReadConcern{level=null}, credential=MongoCredential{mechanism=null, userName='ticketingapp', source='admin', password=<hidden>, mechanismProperties=<hidden>}, transportSettings=null, commandListeners=[], codecRegistry=ProvidersCodecRegistry{codecProviders=[ValueCodecProvider{}, BsonValueCodecProvider{}, DBRefCodecProvider{}, DBObjectCodecProvider{}, DocumentCodecProvider{}, CollectionCodecProvider{}, IterableCodecProvider{}, MapCodecProvider{}, GeoJsonCodecProvider{}, GridFSFileCodecProvider{}, Jsr310CodecProvider{}, JsonObjectCodecProvider{}, BsonCodecProvider{}, EnumCodecProvider{}, com.mongodb.client.model.mql.ExpressionCodecProvider@47a7c93e, com.mongodb.Jep395RecordCodecProvider@6f9ab79d, com.mongodb.KotlinCodecProvider@64ae105d]}, loggerSettings=LoggerSettings{maxDocumentLength=1000}, clusterSettings={hosts=[127.0.0.1:27017], srvHost=ticketing-app-cluster.ippit.mongodb.net, srvServiceName=mongodb, mode=MULTIPLE, requiredClusterType=REPLICA_SET, requiredReplicaSetName='atlas-1bi6sw-shard-0', serverSelector='null', clusterListeners='[]', serverSelectionTimeout='30000 ms', localThreshold='15 ms'}, socketSettings=SocketSettings{connectTimeoutMS=10000, readTimeoutMS=0, receiveBufferSize=0, proxySettings=ProxySettings{host=null, port=null, username=null, password=null}}, heartbeatSocketSettings=SocketSettings{connectTimeoutMS=10000, readTimeoutMS=10000, receiveBufferSize=0, proxySettings=ProxySettings{host=null, port=null, username=null, password=null}}, connectionPoolSettings=ConnectionPoolSettings{maxSize=100, minSize=0, maxWaitTimeMS=120000, maxConnectionLifeTimeMS=0, maxConnectionIdleTimeMS=0, maintenanceInitialDelayMS=0, maintenanceFrequencyMS=60000, connectionPoolListeners=[], maxConnecting=2}, serverSettings=ServerSettings{heartbeatFrequencyMS=10000, minHeartbeatFrequencyMS=500, serverMonitoringMode=AUTO, serverListeners='[]', serverMonitorListeners='[]'}, sslSettings=SslSettings{enabled=true, invalidHostNameAllowed=false, context=null}, applicationName='ticketing-app-cluster', compressorList=[], uuidRepresentation=JAVA_LEGACY, serverApi=null, autoEncryptionSettings=null, dnsClient=null, inetAddressResolver=null, contextProvider=null, timeoutMS=null}
2025-01-18 00:52:01 [cluster-ClusterId{value='678aadd98e0e8a1a9dc75d8a', description='ticketing-app-cluster'}-srv-ticketing-app-cluster.ippit.mongodb.net] INFO  org.mongodb.driver.cluster - Adding discovered server ticketing-app-cluster-shard-00-02.ippit.mongodb.net:27017 to client view of cluster
2025-01-18 00:52:01 [cluster-ClusterId{value='678aadd98e0e8a1a9dc75d8a', description='ticketing-app-cluster'}-srv-ticketing-app-cluster.ippit.mongodb.net] INFO  org.mongodb.driver.cluster - Adding discovered server ticketing-app-cluster-shard-00-01.ippit.mongodb.net:27017 to client view of cluster
2025-01-18 00:52:01 [cluster-ClusterId{value='678aadd98e0e8a1a9dc75d8a', description='ticketing-app-cluster'}-srv-ticketing-app-cluster.ippit.mongodb.net] INFO  org.mongodb.driver.cluster - Adding discovered server ticketing-app-cluster-shard-00-00.ippit.mongodb.net:27017 to client view of cluster
2025-01-18 00:52:01 [main] DEBUG o.s.w.s.s.s.WebSocketHandlerMapping - Patterns [/ticketing-websocket] in 'webSocketHandlerMapping'
2025-01-18 00:52:02 [cluster-ClusterId{value='678aadd98e0e8a1a9dc75d8a', description='ticketing-app-cluster'}-ticketing-app-cluster-shard-00-00.ippit.mongodb.net:27017] INFO  org.mongodb.driver.cluster - Monitor thread successfully connected to server with description ServerDescription{address=ticketing-app-cluster-shard-00-00.ippit.mongodb.net:27017, type=REPLICA_SET_SECONDARY, cryptd=false, state=CONNECTED, ok=true, minWireVersion=0, maxWireVersion=25, maxDocumentSize=16777216, logicalSessionTimeoutMinutes=30, roundTripTimeNanos=367109100, minRoundTripTimeNanos=0, setName='atlas-1bi6sw-shard-0', canonicalAddress=ticketing-app-cluster-shard-00-00.ippit.mongodb.net:27017, hosts=[ticketing-app-cluster-shard-00-00.ippit.mongodb.net:27017, ticketing-app-cluster-shard-00-01.ippit.mongodb.net:27017, ticketing-app-cluster-shard-00-02.ippit.mongodb.net:27017], passives=[], arbiters=[], primary='ticketing-app-cluster-shard-00-01.ippit.mongodb.net:27017', tagSet=TagSet{[Tag{name='availabilityZone', value='asia-south1-a'}, Tag{name='diskState', value='READY'}, Tag{name='nodeType', value='ELECTABLE'}, Tag{name='provider', value='GCP'}, Tag{name='region', value='ASIA_SOUTH_1'}, Tag{name='workloadType', value='OPERATIONAL'}]}, electionId=null, setVersion=4, topologyVersion=TopologyVersion{processId=677bf404d1d9dcdd2da47a95, counter=4}, lastWriteDate=Sat Jan 18 00:52:00 IST 2025, lastUpdateTimeNanos=880454439438400}
2025-01-18 00:52:02 [cluster-ClusterId{value='678aadd98e0e8a1a9dc75d8a', description='ticketing-app-cluster'}-ticketing-app-cluster-shard-00-01.ippit.mongodb.net:27017] INFO  org.mongodb.driver.cluster - Monitor thread successfully connected to server with description ServerDescription{address=ticketing-app-cluster-shard-00-01.ippit.mongodb.net:27017, type=REPLICA_SET_PRIMARY, cryptd=false, state=CONNECTED, ok=true, minWireVersion=0, maxWireVersion=25, maxDocumentSize=16777216, logicalSessionTimeoutMinutes=30, roundTripTimeNanos=359802200, minRoundTripTimeNanos=0, setName='atlas-1bi6sw-shard-0', canonicalAddress=ticketing-app-cluster-shard-00-01.ippit.mongodb.net:27017, hosts=[ticketing-app-cluster-shard-00-00.ippit.mongodb.net:27017, ticketing-app-cluster-shard-00-01.ippit.mongodb.net:27017, ticketing-app-cluster-shard-00-02.ippit.mongodb.net:27017], passives=[], arbiters=[], primary='ticketing-app-cluster-shard-00-01.ippit.mongodb.net:27017', tagSet=TagSet{[Tag{name='availabilityZone', value='asia-south1-b'}, Tag{name='diskState', value='READY'}, Tag{name='nodeType', value='ELECTABLE'}, Tag{name='provider', value='GCP'}, Tag{name='region', value='ASIA_SOUTH_1'}, Tag{name='workloadType', value='OPERATIONAL'}]}, electionId=7fffffff000000000000001f, setVersion=4, topologyVersion=TopologyVersion{processId=677bf87fea8ed919547cf8a9, counter=6}, lastWriteDate=Sat Jan 18 00:52:00 IST 2025, lastUpdateTimeNanos=880454439700100}
2025-01-18 00:52:02 [cluster-ClusterId{value='678aadd98e0e8a1a9dc75d8a', description='ticketing-app-cluster'}-ticketing-app-cluster-shard-00-02.ippit.mongodb.net:27017] INFO  org.mongodb.driver.cluster - Monitor thread successfully connected to server with description ServerDescription{address=ticketing-app-cluster-shard-00-02.ippit.mongodb.net:27017, type=REPLICA_SET_SECONDARY, cryptd=false, state=CONNECTED, ok=true, minWireVersion=0, maxWireVersion=25, maxDocumentSize=16777216, logicalSessionTimeoutMinutes=30, roundTripTimeNanos=367512100, minRoundTripTimeNanos=0, setName='atlas-1bi6sw-shard-0', canonicalAddress=ticketing-app-cluster-shard-00-02.ippit.mongodb.net:27017, hosts=[ticketing-app-cluster-shard-00-00.ippit.mongodb.net:27017, ticketing-app-cluster-shard-00-01.ippit.mongodb.net:27017, ticketing-app-cluster-shard-00-02.ippit.mongodb.net:27017], passives=[], arbiters=[], primary='ticketing-app-cluster-shard-00-01.ippit.mongodb.net:27017', tagSet=TagSet{[Tag{name='availabilityZone', value='asia-south1-c'}, Tag{name='diskState', value='READY'}, Tag{name='nodeType', value='ELECTABLE'}, Tag{name='provider', value='GCP'}, Tag{name='region', value='ASIA_SOUTH_1'}, Tag{name='workloadType', value='OPERATIONAL'}]}, electionId=null, setVersion=4, topologyVersion=TopologyVersion{processId=677bfd54d08e8749f0058e75, counter=3}, lastWriteDate=Sat Jan 18 00:52:00 IST 2025, lastUpdateTimeNanos=880454439837300}
2025-01-18 00:52:02 [cluster-ClusterId{value='678aadd98e0e8a1a9dc75d8a', description='ticketing-app-cluster'}-ticketing-app-cluster-shard-00-01.ippit.mongodb.net:27017] INFO  org.mongodb.driver.cluster - Discovered replica set primary ticketing-app-cluster-shard-00-01.ippit.mongodb.net:27017 with max election id 7fffffff000000000000001f and max set version 4
2025-01-18 00:52:02 [main] INFO  o.a.coyote.http11.Http11NioProtocol - Starting ProtocolHandler ["http-nio-8080"]
2025-01-18 00:52:02 [main] INFO  o.s.b.w.e.tomcat.TomcatWebServer - Tomcat started on port 8080 (http) with context path '/'
2025-01-18 00:52:02 [main] INFO  c.e.t.TicketManagerApplication - Started TicketManagerApplication in 3.689 seconds (process running for 4.045)
2025-01-18 08:31:11 [main] INFO  c.e.t.TicketManagerApplication - Starting TicketManagerApplication using Java 17.0.12 with PID 13484 (C:\Users\Pramesh\Desktop\Viva\multithread-ticketing-app-server\target\classes started by Pramesh in C:\Users\Pramesh\Desktop\Viva\multithread-ticketing-app-server)
2025-01-18 08:31:11 [main] INFO  c.e.t.TicketManagerApplication - No active profile set, falling back to 1 default profile: "default"
2025-01-18 08:31:12 [main] INFO  o.s.d.r.c.RepositoryConfigurationDelegate - Bootstrapping Spring Data MongoDB repositories in DEFAULT mode.
2025-01-18 08:31:12 [main] INFO  o.s.d.r.c.RepositoryConfigurationDelegate - Finished Spring Data repository scanning in 81 ms. Found 1 MongoDB repository interface.
2025-01-18 08:31:13 [main] INFO  o.s.b.w.e.tomcat.TomcatWebServer - Tomcat initialized with port 8080 (http)
2025-01-18 08:31:13 [main] INFO  o.a.coyote.http11.Http11NioProtocol - Initializing ProtocolHandler ["http-nio-8080"]
2025-01-18 08:31:13 [main] INFO  o.a.catalina.core.StandardService - Starting service [Tomcat]
2025-01-18 08:31:13 [main] INFO  o.a.catalina.core.StandardEngine - Starting Servlet engine: [Apache Tomcat/10.1.33]
2025-01-18 08:31:13 [main] INFO  o.a.c.c.C.[Tomcat].[localhost].[/] - Initializing Spring embedded WebApplicationContext
2025-01-18 08:31:13 [main] INFO  o.s.b.w.s.c.ServletWebServerApplicationContext - Root WebApplicationContext: initialization completed in 1675 ms
2025-01-18 08:31:13 [main] INFO  org.mongodb.driver.client - MongoClient with metadata {"application": {"name": "ticketing-app-cluster"}, "driver": {"name": "mongo-java-driver|sync|spring-boot", "version": "5.2.1"}, "os": {"type": "Windows", "name": "Windows 11", "architecture": "amd64", "version": "10.0"}, "platform": "Java/Oracle Corporation/17.0.12+8-LTS-286"} created with settings MongoClientSettings{readPreference=primary, writeConcern=WriteConcern{w=majority, wTimeout=null ms, journal=null}, retryWrites=true, retryReads=true, readConcern=ReadConcern{level=null}, credential=MongoCredential{mechanism=null, userName='ticketingapp', source='admin', password=<hidden>, mechanismProperties=<hidden>}, transportSettings=null, commandListeners=[], codecRegistry=ProvidersCodecRegistry{codecProviders=[ValueCodecProvider{}, BsonValueCodecProvider{}, DBRefCodecProvider{}, DBObjectCodecProvider{}, DocumentCodecProvider{}, CollectionCodecProvider{}, IterableCodecProvider{}, MapCodecProvider{}, GeoJsonCodecProvider{}, GridFSFileCodecProvider{}, Jsr310CodecProvider{}, JsonObjectCodecProvider{}, BsonCodecProvider{}, EnumCodecProvider{}, com.mongodb.client.model.mql.ExpressionCodecProvider@9b47400, com.mongodb.Jep395RecordCodecProvider@747835f5, com.mongodb.KotlinCodecProvider@594131f2]}, loggerSettings=LoggerSettings{maxDocumentLength=1000}, clusterSettings={hosts=[127.0.0.1:27017], srvHost=ticketing-app-cluster.ippit.mongodb.net, srvServiceName=mongodb, mode=MULTIPLE, requiredClusterType=REPLICA_SET, requiredReplicaSetName='atlas-1bi6sw-shard-0', serverSelector='null', clusterListeners='[]', serverSelectionTimeout='30000 ms', localThreshold='15 ms'}, socketSettings=SocketSettings{connectTimeoutMS=10000, readTimeoutMS=0, receiveBufferSize=0, proxySettings=ProxySettings{host=null, port=null, username=null, password=null}}, heartbeatSocketSettings=SocketSettings{connectTimeoutMS=10000, readTimeoutMS=10000, receiveBufferSize=0, proxySettings=ProxySettings{host=null, port=null, username=null, password=null}}, connectionPoolSettings=ConnectionPoolSettings{maxSize=100, minSize=0, maxWaitTimeMS=120000, maxConnectionLifeTimeMS=0, maxConnectionIdleTimeMS=0, maintenanceInitialDelayMS=0, maintenanceFrequencyMS=60000, connectionPoolListeners=[], maxConnecting=2}, serverSettings=ServerSettings{heartbeatFrequencyMS=10000, minHeartbeatFrequencyMS=500, serverMonitoringMode=AUTO, serverListeners='[]', serverMonitorListeners='[]'}, sslSettings=SslSettings{enabled=true, invalidHostNameAllowed=false, context=null}, applicationName='ticketing-app-cluster', compressorList=[], uuidRepresentation=JAVA_LEGACY, serverApi=null, autoEncryptionSettings=null, dnsClient=null, inetAddressResolver=null, contextProvider=null, timeoutMS=null}
2025-01-18 08:31:13 [cluster-ClusterId{value='678b19790f99ce4a83a4dff6', description='ticketing-app-cluster'}-srv-ticketing-app-cluster.ippit.mongodb.net] INFO  org.mongodb.driver.cluster - Adding discovered server ticketing-app-cluster-shard-00-02.ippit.mongodb.net:27017 to client view of cluster
2025-01-18 08:31:13 [cluster-ClusterId{value='678b19790f99ce4a83a4dff6', description='ticketing-app-cluster'}-srv-ticketing-app-cluster.ippit.mongodb.net] INFO  org.mongodb.driver.cluster - Adding discovered server ticketing-app-cluster-shard-00-01.ippit.mongodb.net:27017 to client view of cluster
2025-01-18 08:31:13 [cluster-ClusterId{value='678b19790f99ce4a83a4dff6', description='ticketing-app-cluster'}-srv-ticketing-app-cluster.ippit.mongodb.net] INFO  org.mongodb.driver.cluster - Adding discovered server ticketing-app-cluster-shard-00-00.ippit.mongodb.net:27017 to client view of cluster
2025-01-18 08:31:14 [main] DEBUG o.s.w.s.s.s.WebSocketHandlerMapping - Patterns [/ticketing-websocket] in 'webSocketHandlerMapping'
2025-01-18 08:31:14 [cluster-ClusterId{value='678b19790f99ce4a83a4dff6', description='ticketing-app-cluster'}-ticketing-app-cluster-shard-00-01.ippit.mongodb.net:27017] INFO  org.mongodb.driver.cluster - Monitor thread successfully connected to server with description ServerDescription{address=ticketing-app-cluster-shard-00-01.ippit.mongodb.net:27017, type=REPLICA_SET_PRIMARY, cryptd=false, state=CONNECTED, ok=true, minWireVersion=0, maxWireVersion=25, maxDocumentSize=16777216, logicalSessionTimeoutMinutes=30, roundTripTimeNanos=321214499, minRoundTripTimeNanos=0, setName='atlas-1bi6sw-shard-0', canonicalAddress=ticketing-app-cluster-shard-00-01.ippit.mongodb.net:27017, hosts=[ticketing-app-cluster-shard-00-00.ippit.mongodb.net:27017, ticketing-app-cluster-shard-00-01.ippit.mongodb.net:27017, ticketing-app-cluster-shard-00-02.ippit.mongodb.net:27017], passives=[], arbiters=[], primary='ticketing-app-cluster-shard-00-01.ippit.mongodb.net:27017', tagSet=TagSet{[Tag{name='availabilityZone', value='asia-south1-b'}, Tag{name='diskState', value='READY'}, Tag{name='nodeType', value='ELECTABLE'}, Tag{name='provider', value='GCP'}, Tag{name='region', value='ASIA_SOUTH_1'}, Tag{name='workloadType', value='OPERATIONAL'}]}, electionId=7fffffff000000000000001f, setVersion=4, topologyVersion=TopologyVersion{processId=677bf87fea8ed919547cf8a9, counter=6}, lastWriteDate=Sat Jan 18 08:31:13 IST 2025, lastUpdateTimeNanos=16639012621900}
2025-01-18 08:31:14 [cluster-ClusterId{value='678b19790f99ce4a83a4dff6', description='ticketing-app-cluster'}-ticketing-app-cluster-shard-00-02.ippit.mongodb.net:27017] INFO  org.mongodb.driver.cluster - Monitor thread successfully connected to server with description ServerDescription{address=ticketing-app-cluster-shard-00-02.ippit.mongodb.net:27017, type=REPLICA_SET_SECONDARY, cryptd=false, state=CONNECTED, ok=true, minWireVersion=0, maxWireVersion=25, maxDocumentSize=16777216, logicalSessionTimeoutMinutes=30, roundTripTimeNanos=336608300, minRoundTripTimeNanos=0, setName='atlas-1bi6sw-shard-0', canonicalAddress=ticketing-app-cluster-shard-00-02.ippit.mongodb.net:27017, hosts=[ticketing-app-cluster-shard-00-00.ippit.mongodb.net:27017, ticketing-app-cluster-shard-00-01.ippit.mongodb.net:27017, ticketing-app-cluster-shard-00-02.ippit.mongodb.net:27017], passives=[], arbiters=[], primary='ticketing-app-cluster-shard-00-01.ippit.mongodb.net:27017', tagSet=TagSet{[Tag{name='availabilityZone', value='asia-south1-c'}, Tag{name='diskState', value='READY'}, Tag{name='nodeType', value='ELECTABLE'}, Tag{name='provider', value='GCP'}, Tag{name='region', value='ASIA_SOUTH_1'}, Tag{name='workloadType', value='OPERATIONAL'}]}, electionId=null, setVersion=4, topologyVersion=TopologyVersion{processId=677bfd54d08e8749f0058e75, counter=3}, lastWriteDate=Sat Jan 18 08:31:13 IST 2025, lastUpdateTimeNanos=16639016090199}
2025-01-18 08:31:14 [cluster-ClusterId{value='678b19790f99ce4a83a4dff6', description='ticketing-app-cluster'}-ticketing-app-cluster-shard-00-00.ippit.mongodb.net:27017] INFO  org.mongodb.driver.cluster - Monitor thread successfully connected to server with description ServerDescription{address=ticketing-app-cluster-shard-00-00.ippit.mongodb.net:27017, type=REPLICA_SET_SECONDARY, cryptd=false, state=CONNECTED, ok=true, minWireVersion=0, maxWireVersion=25, maxDocumentSize=16777216, logicalSessionTimeoutMinutes=30, roundTripTimeNanos=338480299, minRoundTripTimeNanos=0, setName='atlas-1bi6sw-shard-0', canonicalAddress=ticketing-app-cluster-shard-00-00.ippit.mongodb.net:27017, hosts=[ticketing-app-cluster-shard-00-00.ippit.mongodb.net:27017, ticketing-app-cluster-shard-00-01.ippit.mongodb.net:27017, ticketing-app-cluster-shard-00-02.ippit.mongodb.net:27017], passives=[], arbiters=[], primary='ticketing-app-cluster-shard-00-01.ippit.mongodb.net:27017', tagSet=TagSet{[Tag{name='availabilityZone', value='asia-south1-a'}, Tag{name='diskState', value='READY'}, Tag{name='nodeType', value='ELECTABLE'}, Tag{name='provider', value='GCP'}, Tag{name='region', value='ASIA_SOUTH_1'}, Tag{name='workloadType', value='OPERATIONAL'}]}, electionId=null, setVersion=4, topologyVersion=TopologyVersion{processId=677bf404d1d9dcdd2da47a95, counter=4}, lastWriteDate=Sat Jan 18 08:31:13 IST 2025, lastUpdateTimeNanos=16639017026200}
2025-01-18 08:31:14 [cluster-ClusterId{value='678b19790f99ce4a83a4dff6', description='ticketing-app-cluster'}-ticketing-app-cluster-shard-00-01.ippit.mongodb.net:27017] INFO  org.mongodb.driver.cluster - Discovered replica set primary ticketing-app-cluster-shard-00-01.ippit.mongodb.net:27017 with max election id 7fffffff000000000000001f and max set version 4
2025-01-18 08:31:14 [main] INFO  o.a.coyote.http11.Http11NioProtocol - Starting ProtocolHandler ["http-nio-8080"]
2025-01-18 08:31:15 [main] INFO  o.s.b.w.e.tomcat.TomcatWebServer - Tomcat started on port 8080 (http) with context path '/'
2025-01-18 08:31:15 [main] INFO  c.e.t.TicketManagerApplication - Started TicketManagerApplication in 4.047 seconds (process running for 4.388)
2025-01-18 08:31:46 [http-nio-8080-exec-2] INFO  o.a.c.c.C.[Tomcat].[localhost].[/] - Initializing Spring DispatcherServlet 'dispatcherServlet'
2025-01-18 08:31:46 [http-nio-8080-exec-2] INFO  o.s.web.servlet.DispatcherServlet - Initializing Servlet 'dispatcherServlet'
2025-01-18 08:31:46 [http-nio-8080-exec-2] INFO  o.s.web.servlet.DispatcherServlet - Completed initialization in 1 ms
2025-01-18 08:31:46 [http-nio-8080-exec-1] DEBUG o.s.w.s.s.s.WebSocketHandlerMapping - Mapped to org.springframework.web.socket.server.support.WebSocketHttpRequestHandler@73bb573d
2025-01-18 08:31:46 [http-nio-8080-exec-1] DEBUG o.s.w.s.s.s.WebSocketHttpRequestHandler - GET /ticketing-websocket
2025-01-18 08:31:46 [http-nio-8080-exec-1] DEBUG o.s.w.s.h.LoggingWebSocketHandlerDecorator - New StandardWebSocketSession[id=501abc06-9837-bb70-5bd1-ae63106f366e, uri=ws://localhost:8080/ticketing-websocket]
2025-01-18 08:33:00 [http-nio-8080-exec-1] INFO  c.e.ticketManager.util.GlobalLogger - {vendor-a48922150bbe497878c71129018306526f0a66f306e8326b1=com.example.ticketing.model.User@49921158, vendor-0508b89e800fa9f123931d8721814d8884425d23ac38a0897=com.example.ticketing.model.User@116fee04, vendor-73438c11d01d454090092d1f85eaa143bb13204821bc12602=com.example.ticketing.model.User@17717dc5}
2025-01-18 08:33:14 [pool-5-thread-4] DEBUG o.s.w.s.h.LoggingWebSocketHandlerDecorator - StandardWebSocketSession[id=501abc06-9837-bb70-5bd1-ae63106f366e, uri=ws://localhost:8080/ticketing-websocket] closed with CloseStatus[code=1006, reason=The current thread was interrupted while waiting for a blocking send to complete]
2025-01-18 08:34:05 [http-nio-8080-exec-9] DEBUG o.s.w.s.s.s.WebSocketHandlerMapping - Mapped to org.springframework.web.socket.server.support.WebSocketHttpRequestHandler@73bb573d
2025-01-18 08:34:05 [http-nio-8080-exec-9] DEBUG o.s.w.s.s.s.WebSocketHttpRequestHandler - GET /ticketing-websocket
2025-01-18 08:34:05 [http-nio-8080-exec-9] DEBUG o.s.w.s.h.LoggingWebSocketHandlerDecorator - New StandardWebSocketSession[id=f7fd23c4-75ea-952b-75be-205de69f432c, uri=ws://localhost:8080/ticketing-websocket]
2025-01-18 08:34:05 [pool-5-thread-1] DEBUG o.s.w.s.h.LoggingWebSocketHandlerDecorator - StandardWebSocketSession[id=f7fd23c4-75ea-952b-75be-205de69f432c, uri=ws://localhost:8080/ticketing-websocket] closed with CloseStatus[code=1006, reason=The current thread was interrupted while waiting for a blocking send to complete]
2025-01-18 08:34:05 [http-nio-8080-exec-9] DEBUG o.s.w.s.h.LoggingWebSocketHandlerDecorator - Transport error in StandardWebSocketSession[id=f7fd23c4-75ea-952b-75be-205de69f432c, uri=ws://localhost:8080/ticketing-websocket]
java.nio.channels.ClosedChannelException: null
	at org.apache.tomcat.util.net.NioEndpoint$NioSocketWrapper.fillReadBuffer(NioEndpoint.java:1251)
	at org.apache.tomcat.util.net.NioEndpoint$NioSocketWrapper.read(NioEndpoint.java:1181)
	at org.apache.tomcat.websocket.server.WsFrameServer.onDataAvailable(WsFrameServer.java:74)
	at org.apache.tomcat.websocket.server.WsFrameServer.doOnDataAvailable(WsFrameServer.java:184)
	at org.apache.tomcat.websocket.server.WsFrameServer.notifyDataAvailable(WsFrameServer.java:164)
	at org.apache.tomcat.websocket.server.WsHttpUpgradeHandler.upgradeDispatch(WsHttpUpgradeHandler.java:152)
	at org.apache.coyote.http11.upgrade.UpgradeProcessorInternal.dispatch(UpgradeProcessorInternal.java:60)
	at org.apache.coyote.AbstractProcessorLight.process(AbstractProcessorLight.java:57)
	at org.apache.coyote.AbstractProtocol$ConnectionHandler.process(AbstractProtocol.java:905)
	at org.apache.tomcat.util.net.NioEndpoint$SocketProcessor.doRun(NioEndpoint.java:1741)
	at org.apache.tomcat.util.net.SocketProcessorBase.run(SocketProcessorBase.java:52)
	at org.apache.tomcat.util.threads.ThreadPoolExecutor.runWorker(ThreadPoolExecutor.java:1190)
	at org.apache.tomcat.util.threads.ThreadPoolExecutor$Worker.run(ThreadPoolExecutor.java:659)
	at org.apache.tomcat.util.threads.TaskThread$WrappingRunnable.run(TaskThread.java:63)
	at java.base/java.lang.Thread.run(Thread.java:842)
2025-01-18 08:34:37 [main] INFO  c.e.t.TicketManagerApplication - Starting TicketManagerApplication using Java 17.0.12 with PID 10148 (C:\Users\Pramesh\Desktop\Viva\multithread-ticketing-app-server\target\classes started by Pramesh in C:\Users\Pramesh\Desktop\Viva\multithread-ticketing-app-server)
2025-01-18 08:34:37 [main] INFO  c.e.t.TicketManagerApplication - No active profile set, falling back to 1 default profile: "default"
2025-01-18 08:34:38 [main] INFO  o.s.d.r.c.RepositoryConfigurationDelegate - Bootstrapping Spring Data MongoDB repositories in DEFAULT mode.
2025-01-18 08:34:39 [main] INFO  o.s.d.r.c.RepositoryConfigurationDelegate - Finished Spring Data repository scanning in 65 ms. Found 1 MongoDB repository interface.
2025-01-18 08:34:39 [main] INFO  o.s.b.w.e.tomcat.TomcatWebServer - Tomcat initialized with port 8080 (http)
2025-01-18 08:34:39 [main] INFO  o.a.coyote.http11.Http11NioProtocol - Initializing ProtocolHandler ["http-nio-8080"]
2025-01-18 08:34:39 [main] INFO  o.a.catalina.core.StandardService - Starting service [Tomcat]
2025-01-18 08:34:39 [main] INFO  o.a.catalina.core.StandardEngine - Starting Servlet engine: [Apache Tomcat/10.1.33]
2025-01-18 08:34:39 [main] INFO  o.a.c.c.C.[Tomcat].[localhost].[/] - Initializing Spring embedded WebApplicationContext
2025-01-18 08:34:39 [main] INFO  o.s.b.w.s.c.ServletWebServerApplicationContext - Root WebApplicationContext: initialization completed in 1984 ms
2025-01-18 08:34:40 [main] INFO  org.mongodb.driver.client - MongoClient with metadata {"application": {"name": "ticketing-app-cluster"}, "driver": {"name": "mongo-java-driver|sync|spring-boot", "version": "5.2.1"}, "os": {"type": "Windows", "name": "Windows 11", "architecture": "amd64", "version": "10.0"}, "platform": "Java/Oracle Corporation/17.0.12+8-LTS-286"} created with settings MongoClientSettings{readPreference=primary, writeConcern=WriteConcern{w=majority, wTimeout=null ms, journal=null}, retryWrites=true, retryReads=true, readConcern=ReadConcern{level=null}, credential=MongoCredential{mechanism=null, userName='ticketingapp', source='admin', password=<hidden>, mechanismProperties=<hidden>}, transportSettings=null, commandListeners=[], codecRegistry=ProvidersCodecRegistry{codecProviders=[ValueCodecProvider{}, BsonValueCodecProvider{}, DBRefCodecProvider{}, DBObjectCodecProvider{}, DocumentCodecProvider{}, CollectionCodecProvider{}, IterableCodecProvider{}, MapCodecProvider{}, GeoJsonCodecProvider{}, GridFSFileCodecProvider{}, Jsr310CodecProvider{}, JsonObjectCodecProvider{}, BsonCodecProvider{}, EnumCodecProvider{}, com.mongodb.client.model.mql.ExpressionCodecProvider@4cc01c7f, com.mongodb.Jep395RecordCodecProvider@2a50b32d, com.mongodb.KotlinCodecProvider@36c7cbe1]}, loggerSettings=LoggerSettings{maxDocumentLength=1000}, clusterSettings={hosts=[127.0.0.1:27017], srvHost=ticketing-app-cluster.ippit.mongodb.net, srvServiceName=mongodb, mode=MULTIPLE, requiredClusterType=REPLICA_SET, requiredReplicaSetName='atlas-1bi6sw-shard-0', serverSelector='null', clusterListeners='[]', serverSelectionTimeout='30000 ms', localThreshold='15 ms'}, socketSettings=SocketSettings{connectTimeoutMS=10000, readTimeoutMS=0, receiveBufferSize=0, proxySettings=ProxySettings{host=null, port=null, username=null, password=null}}, heartbeatSocketSettings=SocketSettings{connectTimeoutMS=10000, readTimeoutMS=10000, receiveBufferSize=0, proxySettings=ProxySettings{host=null, port=null, username=null, password=null}}, connectionPoolSettings=ConnectionPoolSettings{maxSize=100, minSize=0, maxWaitTimeMS=120000, maxConnectionLifeTimeMS=0, maxConnectionIdleTimeMS=0, maintenanceInitialDelayMS=0, maintenanceFrequencyMS=60000, connectionPoolListeners=[], maxConnecting=2}, serverSettings=ServerSettings{heartbeatFrequencyMS=10000, minHeartbeatFrequencyMS=500, serverMonitoringMode=AUTO, serverListeners='[]', serverMonitorListeners='[]'}, sslSettings=SslSettings{enabled=true, invalidHostNameAllowed=false, context=null}, applicationName='ticketing-app-cluster', compressorList=[], uuidRepresentation=JAVA_LEGACY, serverApi=null, autoEncryptionSettings=null, dnsClient=null, inetAddressResolver=null, contextProvider=null, timeoutMS=null}
2025-01-18 08:34:40 [cluster-ClusterId{value='678b1a489ff2194a4c09bfe2', description='ticketing-app-cluster'}-srv-ticketing-app-cluster.ippit.mongodb.net] INFO  org.mongodb.driver.cluster - Adding discovered server ticketing-app-cluster-shard-00-02.ippit.mongodb.net:27017 to client view of cluster
2025-01-18 08:34:40 [cluster-ClusterId{value='678b1a489ff2194a4c09bfe2', description='ticketing-app-cluster'}-srv-ticketing-app-cluster.ippit.mongodb.net] INFO  org.mongodb.driver.cluster - Adding discovered server ticketing-app-cluster-shard-00-01.ippit.mongodb.net:27017 to client view of cluster
2025-01-18 08:34:40 [cluster-ClusterId{value='678b1a489ff2194a4c09bfe2', description='ticketing-app-cluster'}-srv-ticketing-app-cluster.ippit.mongodb.net] INFO  org.mongodb.driver.cluster - Adding discovered server ticketing-app-cluster-shard-00-00.ippit.mongodb.net:27017 to client view of cluster
2025-01-18 08:34:40 [main] DEBUG o.s.w.s.s.s.WebSocketHandlerMapping - Patterns [/ticketing-websocket] in 'webSocketHandlerMapping'
2025-01-18 08:34:41 [cluster-ClusterId{value='678b1a489ff2194a4c09bfe2', description='ticketing-app-cluster'}-ticketing-app-cluster-shard-00-01.ippit.mongodb.net:27017] INFO  org.mongodb.driver.cluster - Monitor thread successfully connected to server with description ServerDescription{address=ticketing-app-cluster-shard-00-01.ippit.mongodb.net:27017, type=REPLICA_SET_PRIMARY, cryptd=false, state=CONNECTED, ok=true, minWireVersion=0, maxWireVersion=25, maxDocumentSize=16777216, logicalSessionTimeoutMinutes=30, roundTripTimeNanos=337949200, minRoundTripTimeNanos=0, setName='atlas-1bi6sw-shard-0', canonicalAddress=ticketing-app-cluster-shard-00-01.ippit.mongodb.net:27017, hosts=[ticketing-app-cluster-shard-00-00.ippit.mongodb.net:27017, ticketing-app-cluster-shard-00-01.ippit.mongodb.net:27017, ticketing-app-cluster-shard-00-02.ippit.mongodb.net:27017], passives=[], arbiters=[], primary='ticketing-app-cluster-shard-00-01.ippit.mongodb.net:27017', tagSet=TagSet{[Tag{name='availabilityZone', value='asia-south1-b'}, Tag{name='diskState', value='READY'}, Tag{name='nodeType', value='ELECTABLE'}, Tag{name='provider', value='GCP'}, Tag{name='region', value='ASIA_SOUTH_1'}, Tag{name='workloadType', value='OPERATIONAL'}]}, electionId=7fffffff000000000000001f, setVersion=4, topologyVersion=TopologyVersion{processId=677bf87fea8ed919547cf8a9, counter=6}, lastWriteDate=Sat Jan 18 08:34:40 IST 2025, lastUpdateTimeNanos=16845158164300}
2025-01-18 08:34:41 [cluster-ClusterId{value='678b1a489ff2194a4c09bfe2', description='ticketing-app-cluster'}-ticketing-app-cluster-shard-00-00.ippit.mongodb.net:27017] INFO  org.mongodb.driver.cluster - Monitor thread successfully connected to server with description ServerDescription{address=ticketing-app-cluster-shard-00-00.ippit.mongodb.net:27017, type=REPLICA_SET_SECONDARY, cryptd=false, state=CONNECTED, ok=true, minWireVersion=0, maxWireVersion=25, maxDocumentSize=16777216, logicalSessionTimeoutMinutes=30, roundTripTimeNanos=333997400, minRoundTripTimeNanos=0, setName='atlas-1bi6sw-shard-0', canonicalAddress=ticketing-app-cluster-shard-00-00.ippit.mongodb.net:27017, hosts=[ticketing-app-cluster-shard-00-00.ippit.mongodb.net:27017, ticketing-app-cluster-shard-00-01.ippit.mongodb.net:27017, ticketing-app-cluster-shard-00-02.ippit.mongodb.net:27017], passives=[], arbiters=[], primary='ticketing-app-cluster-shard-00-01.ippit.mongodb.net:27017', tagSet=TagSet{[Tag{name='availabilityZone', value='asia-south1-a'}, Tag{name='diskState', value='READY'}, Tag{name='nodeType', value='ELECTABLE'}, Tag{name='provider', value='GCP'}, Tag{name='region', value='ASIA_SOUTH_1'}, Tag{name='workloadType', value='OPERATIONAL'}]}, electionId=null, setVersion=4, topologyVersion=TopologyVersion{processId=677bf404d1d9dcdd2da47a95, counter=4}, lastWriteDate=Sat Jan 18 08:34:40 IST 2025, lastUpdateTimeNanos=16845157707400}
2025-01-18 08:34:41 [cluster-ClusterId{value='678b1a489ff2194a4c09bfe2', description='ticketing-app-cluster'}-ticketing-app-cluster-shard-00-02.ippit.mongodb.net:27017] INFO  org.mongodb.driver.cluster - Monitor thread successfully connected to server with description ServerDescription{address=ticketing-app-cluster-shard-00-02.ippit.mongodb.net:27017, type=REPLICA_SET_SECONDARY, cryptd=false, state=CONNECTED, ok=true, minWireVersion=0, maxWireVersion=25, maxDocumentSize=16777216, logicalSessionTimeoutMinutes=30, roundTripTimeNanos=324257599, minRoundTripTimeNanos=0, setName='atlas-1bi6sw-shard-0', canonicalAddress=ticketing-app-cluster-shard-00-02.ippit.mongodb.net:27017, hosts=[ticketing-app-cluster-shard-00-00.ippit.mongodb.net:27017, ticketing-app-cluster-shard-00-01.ippit.mongodb.net:27017, ticketing-app-cluster-shard-00-02.ippit.mongodb.net:27017], passives=[], arbiters=[], primary='ticketing-app-cluster-shard-00-01.ippit.mongodb.net:27017', tagSet=TagSet{[Tag{name='availabilityZone', value='asia-south1-c'}, Tag{name='diskState', value='READY'}, Tag{name='nodeType', value='ELECTABLE'}, Tag{name='provider', value='GCP'}, Tag{name='region', value='ASIA_SOUTH_1'}, Tag{name='workloadType', value='OPERATIONAL'}]}, electionId=null, setVersion=4, topologyVersion=TopologyVersion{processId=677bfd54d08e8749f0058e75, counter=3}, lastWriteDate=Sat Jan 18 08:34:40 IST 2025, lastUpdateTimeNanos=16845158221900}
2025-01-18 08:34:41 [cluster-ClusterId{value='678b1a489ff2194a4c09bfe2', description='ticketing-app-cluster'}-ticketing-app-cluster-shard-00-01.ippit.mongodb.net:27017] INFO  org.mongodb.driver.cluster - Discovered replica set primary ticketing-app-cluster-shard-00-01.ippit.mongodb.net:27017 with max election id 7fffffff000000000000001f and max set version 4
2025-01-18 08:34:41 [main] INFO  o.a.coyote.http11.Http11NioProtocol - Starting ProtocolHandler ["http-nio-8080"]
2025-01-18 08:34:41 [main] INFO  o.s.b.w.e.tomcat.TomcatWebServer - Tomcat started on port 8080 (http) with context path '/'
2025-01-18 08:34:41 [main] INFO  c.e.t.TicketManagerApplication - Started TicketManagerApplication in 4.057 seconds (process running for 4.383)
2025-01-18 08:58:54 [http-nio-8080-exec-2] INFO  o.a.c.c.C.[Tomcat].[localhost].[/] - Initializing Spring DispatcherServlet 'dispatcherServlet'
2025-01-18 08:58:54 [http-nio-8080-exec-2] INFO  o.s.web.servlet.DispatcherServlet - Initializing Servlet 'dispatcherServlet'
2025-01-18 08:58:54 [http-nio-8080-exec-2] INFO  o.s.web.servlet.DispatcherServlet - Completed initialization in 1 ms
2025-01-18 08:58:54 [http-nio-8080-exec-1] DEBUG o.s.w.s.s.s.WebSocketHandlerMapping - Mapped to org.springframework.web.socket.server.support.WebSocketHttpRequestHandler@70fede7d
2025-01-18 08:58:54 [http-nio-8080-exec-1] DEBUG o.s.w.s.s.s.WebSocketHttpRequestHandler - GET /ticketing-websocket
2025-01-18 08:58:54 [http-nio-8080-exec-1] DEBUG o.s.w.s.h.LoggingWebSocketHandlerDecorator - New StandardWebSocketSession[id=987a5106-ccd2-4051-8b5b-42275d783d75, uri=ws://localhost:8080/ticketing-websocket]
2025-01-18 09:00:23 [http-nio-8080-exec-8] DEBUG o.s.w.s.s.s.WebSocketHandlerMapping - Mapped to org.springframework.web.socket.server.support.WebSocketHttpRequestHandler@70fede7d
2025-01-18 09:00:23 [http-nio-8080-exec-8] DEBUG o.s.w.s.s.s.WebSocketHttpRequestHandler - GET /ticketing-websocket
2025-01-18 09:00:23 [http-nio-8080-exec-8] DEBUG o.s.w.s.h.LoggingWebSocketHandlerDecorator - New StandardWebSocketSession[id=40f5e403-cfcd-8994-3c78-5383058fb7e1, uri=ws://localhost:8080/ticketing-websocket]
2025-01-18 09:01:07 [http-nio-8080-exec-3] INFO  c.e.ticketManager.util.GlobalLogger - {vendor-a48922150bbe497878c71129018306526f0a66f306e8326b1=com.example.ticketing.model.User@564957a, vendor-0508b89e800fa9f123931d8721814d8884425d23ac38a0897=com.example.ticketing.model.User@76f0796b}
2025-01-18 09:11:02 [pool-7-thread-3] DEBUG o.s.w.s.h.LoggingWebSocketHandlerDecorator - StandardWebSocketSession[id=40f5e403-cfcd-8994-3c78-5383058fb7e1, uri=ws://localhost:8080/ticketing-websocket] closed with CloseStatus[code=1006, reason=The current thread was interrupted while waiting for a blocking send to complete]
2025-01-18 09:11:02 [pool-7-thread-1] DEBUG o.s.w.s.h.LoggingWebSocketHandlerDecorator - StandardWebSocketSession[id=987a5106-ccd2-4051-8b5b-42275d783d75, uri=ws://localhost:8080/ticketing-websocket] closed with CloseStatus[code=1006, reason=The current thread was interrupted while waiting for a blocking send to complete]
2025-01-18 09:11:25 [http-nio-8080-exec-10] DEBUG o.s.w.s.s.s.WebSocketHandlerMapping - Mapped to org.springframework.web.socket.server.support.WebSocketHttpRequestHandler@70fede7d
2025-01-18 09:11:25 [http-nio-8080-exec-10] DEBUG o.s.w.s.s.s.WebSocketHttpRequestHandler - GET /ticketing-websocket
2025-01-18 09:11:25 [http-nio-8080-exec-10] DEBUG o.s.w.s.h.LoggingWebSocketHandlerDecorator - New StandardWebSocketSession[id=2faf0e60-6093-6738-6cc7-a11e7c62799f, uri=ws://localhost:8080/ticketing-websocket]
2025-01-18 09:11:25 [pool-7-thread-2] DEBUG o.s.w.s.h.LoggingWebSocketHandlerDecorator - StandardWebSocketSession[id=2faf0e60-6093-6738-6cc7-a11e7c62799f, uri=ws://localhost:8080/ticketing-websocket] closed with CloseStatus[code=1006, reason=The current thread was interrupted while waiting for a blocking send to complete]
2025-01-18 09:11:28 [http-nio-8080-exec-2] DEBUG o.s.w.s.s.s.WebSocketHandlerMapping - Mapped to org.springframework.web.socket.server.support.WebSocketHttpRequestHandler@70fede7d
2025-01-18 09:11:28 [http-nio-8080-exec-2] DEBUG o.s.w.s.s.s.WebSocketHttpRequestHandler - GET /ticketing-websocket
2025-01-18 09:11:28 [http-nio-8080-exec-2] DEBUG o.s.w.s.h.LoggingWebSocketHandlerDecorator - New StandardWebSocketSession[id=4450f0a8-0eb3-ba0e-fe5c-5910f8e79240, uri=ws://localhost:8080/ticketing-websocket]
2025-01-18 09:11:28 [pool-7-thread-4] DEBUG o.s.w.s.h.LoggingWebSocketHandlerDecorator - StandardWebSocketSession[id=4450f0a8-0eb3-ba0e-fe5c-5910f8e79240, uri=ws://localhost:8080/ticketing-websocket] closed with CloseStatus[code=1006, reason=The current thread was interrupted while waiting for a blocking send to complete]
2025-01-18 09:11:28 [http-nio-8080-exec-2] DEBUG o.s.w.s.h.LoggingWebSocketHandlerDecorator - Transport error in StandardWebSocketSession[id=4450f0a8-0eb3-ba0e-fe5c-5910f8e79240, uri=ws://localhost:8080/ticketing-websocket]
java.nio.channels.ClosedChannelException: null
	at org.apache.tomcat.util.net.NioEndpoint$NioSocketWrapper.fillReadBuffer(NioEndpoint.java:1251)
	at org.apache.tomcat.util.net.NioEndpoint$NioSocketWrapper.read(NioEndpoint.java:1181)
	at org.apache.tomcat.websocket.server.WsFrameServer.onDataAvailable(WsFrameServer.java:74)
	at org.apache.tomcat.websocket.server.WsFrameServer.doOnDataAvailable(WsFrameServer.java:184)
	at org.apache.tomcat.websocket.server.WsFrameServer.notifyDataAvailable(WsFrameServer.java:164)
	at org.apache.tomcat.websocket.server.WsHttpUpgradeHandler.upgradeDispatch(WsHttpUpgradeHandler.java:152)
	at org.apache.coyote.http11.upgrade.UpgradeProcessorInternal.dispatch(UpgradeProcessorInternal.java:60)
	at org.apache.coyote.AbstractProcessorLight.process(AbstractProcessorLight.java:57)
	at org.apache.coyote.AbstractProtocol$ConnectionHandler.process(AbstractProtocol.java:905)
	at org.apache.tomcat.util.net.NioEndpoint$SocketProcessor.doRun(NioEndpoint.java:1741)
	at org.apache.tomcat.util.net.SocketProcessorBase.run(SocketProcessorBase.java:52)
	at org.apache.tomcat.util.threads.ThreadPoolExecutor.runWorker(ThreadPoolExecutor.java:1190)
	at org.apache.tomcat.util.threads.ThreadPoolExecutor$Worker.run(ThreadPoolExecutor.java:659)
	at org.apache.tomcat.util.threads.TaskThread$WrappingRunnable.run(TaskThread.java:63)
	at java.base/java.lang.Thread.run(Thread.java:842)
2025-01-18 09:11:40 [http-nio-8080-exec-1] DEBUG o.s.w.s.s.s.WebSocketHandlerMapping - Mapped to org.springframework.web.socket.server.support.WebSocketHttpRequestHandler@70fede7d
2025-01-18 09:11:40 [http-nio-8080-exec-1] DEBUG o.s.w.s.s.s.WebSocketHttpRequestHandler - GET /ticketing-websocket
2025-01-18 09:11:40 [http-nio-8080-exec-1] DEBUG o.s.w.s.h.LoggingWebSocketHandlerDecorator - New StandardWebSocketSession[id=804e8092-1060-5852-f424-74f132c7e79d, uri=ws://localhost:8080/ticketing-websocket]
2025-01-18 09:11:49 [http-nio-8080-exec-5] DEBUG o.s.w.s.s.s.WebSocketHandlerMapping - Mapped to org.springframework.web.socket.server.support.WebSocketHttpRequestHandler@70fede7d
2025-01-18 09:11:49 [http-nio-8080-exec-5] DEBUG o.s.w.s.s.s.WebSocketHttpRequestHandler - GET /ticketing-websocket
2025-01-18 09:11:49 [http-nio-8080-exec-5] DEBUG o.s.w.s.h.LoggingWebSocketHandlerDecorator - New StandardWebSocketSession[id=d926ccee-8a1b-bb15-6c7a-9ba548d8cbcd, uri=ws://localhost:8080/ticketing-websocket]
2025-01-18 09:12:26 [pool-8-thread-3] DEBUG o.s.w.s.h.LoggingWebSocketHandlerDecorator - StandardWebSocketSession[id=d926ccee-8a1b-bb15-6c7a-9ba548d8cbcd, uri=ws://localhost:8080/ticketing-websocket] closed with CloseStatus[code=1006, reason=The current thread was interrupted while waiting for a blocking send to complete]
2025-01-18 09:12:26 [pool-8-thread-2] DEBUG o.s.w.s.h.LoggingWebSocketHandlerDecorator - StandardWebSocketSession[id=804e8092-1060-5852-f424-74f132c7e79d, uri=ws://localhost:8080/ticketing-websocket] closed with CloseStatus[code=1006, reason=The current thread was interrupted while waiting for a blocking send to complete]
2025-01-18 09:12:38 [http-nio-8080-exec-3] DEBUG o.s.w.s.s.s.WebSocketHandlerMapping - Mapped to org.springframework.web.socket.server.support.WebSocketHttpRequestHandler@70fede7d
2025-01-18 09:12:38 [http-nio-8080-exec-3] DEBUG o.s.w.s.s.s.WebSocketHttpRequestHandler - GET /ticketing-websocket
2025-01-18 09:12:38 [http-nio-8080-exec-3] DEBUG o.s.w.s.h.LoggingWebSocketHandlerDecorator - New StandardWebSocketSession[id=4ecfe40d-0f3f-9d0b-ccb9-17c7e31b4f36, uri=ws://localhost:8080/ticketing-websocket]
2025-01-18 09:12:38 [pool-8-thread-4] DEBUG o.s.w.s.h.LoggingWebSocketHandlerDecorator - StandardWebSocketSession[id=4ecfe40d-0f3f-9d0b-ccb9-17c7e31b4f36, uri=ws://localhost:8080/ticketing-websocket] closed with CloseStatus[code=1006, reason=The current thread was interrupted while waiting for a blocking send to complete]
2025-01-18 09:12:41 [http-nio-8080-exec-1] DEBUG o.s.w.s.s.s.WebSocketHandlerMapping - Mapped to org.springframework.web.socket.server.support.WebSocketHttpRequestHandler@70fede7d
2025-01-18 09:12:41 [http-nio-8080-exec-1] DEBUG o.s.w.s.s.s.WebSocketHttpRequestHandler - GET /ticketing-websocket
2025-01-18 09:12:41 [http-nio-8080-exec-1] DEBUG o.s.w.s.h.LoggingWebSocketHandlerDecorator - New StandardWebSocketSession[id=3bb657c2-672b-535d-3c42-ea059c918e57, uri=ws://localhost:8080/ticketing-websocket]
2025-01-18 09:12:41 [pool-8-thread-1] DEBUG o.s.w.s.h.LoggingWebSocketHandlerDecorator - StandardWebSocketSession[id=3bb657c2-672b-535d-3c42-ea059c918e57, uri=ws://localhost:8080/ticketing-websocket] closed with CloseStatus[code=1006, reason=The current thread was interrupted while waiting for a blocking send to complete]
2025-01-18 09:12:43 [http-nio-8080-exec-6] DEBUG o.s.w.s.s.s.WebSocketHandlerMapping - Mapped to org.springframework.web.socket.server.support.WebSocketHttpRequestHandler@70fede7d
2025-01-18 09:12:43 [http-nio-8080-exec-6] DEBUG o.s.w.s.s.s.WebSocketHttpRequestHandler - GET /ticketing-websocket
2025-01-18 09:12:43 [http-nio-8080-exec-6] DEBUG o.s.w.s.h.LoggingWebSocketHandlerDecorator - New StandardWebSocketSession[id=eee26782-911f-d383-549a-014b9b90d18f, uri=ws://localhost:8080/ticketing-websocket]
2025-01-18 09:12:50 [http-nio-8080-exec-4] DEBUG o.s.w.s.s.s.WebSocketHandlerMapping - Mapped to org.springframework.web.socket.server.support.WebSocketHttpRequestHandler@70fede7d
2025-01-18 09:12:50 [http-nio-8080-exec-4] DEBUG o.s.w.s.s.s.WebSocketHttpRequestHandler - GET /ticketing-websocket
2025-01-18 09:12:50 [http-nio-8080-exec-4] DEBUG o.s.w.s.h.LoggingWebSocketHandlerDecorator - New StandardWebSocketSession[id=790b6035-0bfc-b46a-16ac-3e638186917d, uri=ws://localhost:8080/ticketing-websocket]
2025-01-18 09:15:21 [http-nio-8080-exec-5] INFO  c.e.ticketManager.util.GlobalLogger - {vendor-a48922150bbe497878c71129018306526f0a66f306e8326b1=com.example.ticketing.model.User@1269c98e, vendor-73438c11d01d454090092d1f85eaa143bb13204821bc12602=com.example.ticketing.model.User@7b8c0f12}
2025-01-18 09:17:02 [main] INFO  c.e.t.TicketManagerApplication - Starting TicketManagerApplication using Java 17.0.12 with PID 10528 (C:\Users\Pramesh\Desktop\Viva\multithread-ticketing-app-server\target\classes started by Pramesh in C:\Users\Pramesh\Desktop\Viva\multithread-ticketing-app-server)
2025-01-18 09:17:02 [main] INFO  c.e.t.TicketManagerApplication - No active profile set, falling back to 1 default profile: "default"
2025-01-18 09:17:03 [main] INFO  o.s.d.r.c.RepositoryConfigurationDelegate - Bootstrapping Spring Data MongoDB repositories in DEFAULT mode.
2025-01-18 09:17:03 [main] INFO  o.s.d.r.c.RepositoryConfigurationDelegate - Finished Spring Data repository scanning in 60 ms. Found 1 MongoDB repository interface.
2025-01-18 09:17:03 [main] INFO  o.s.b.w.e.tomcat.TomcatWebServer - Tomcat initialized with port 8080 (http)
2025-01-18 09:17:03 [main] INFO  o.a.coyote.http11.Http11NioProtocol - Initializing ProtocolHandler ["http-nio-8080"]
2025-01-18 09:17:03 [main] INFO  o.a.catalina.core.StandardService - Starting service [Tomcat]
2025-01-18 09:17:03 [main] INFO  o.a.catalina.core.StandardEngine - Starting Servlet engine: [Apache Tomcat/10.1.33]
2025-01-18 09:17:04 [main] INFO  o.a.c.c.C.[Tomcat].[localhost].[/] - Initializing Spring embedded WebApplicationContext
2025-01-18 09:17:04 [main] INFO  o.s.b.w.s.c.ServletWebServerApplicationContext - Root WebApplicationContext: initialization completed in 1591 ms
2025-01-18 09:17:04 [main] INFO  org.mongodb.driver.client - MongoClient with metadata {"application": {"name": "ticketing-app-cluster"}, "driver": {"name": "mongo-java-driver|sync|spring-boot", "version": "5.2.1"}, "os": {"type": "Windows", "name": "Windows 11", "architecture": "amd64", "version": "10.0"}, "platform": "Java/Oracle Corporation/17.0.12+8-LTS-286"} created with settings MongoClientSettings{readPreference=primary, writeConcern=WriteConcern{w=majority, wTimeout=null ms, journal=null}, retryWrites=true, retryReads=true, readConcern=ReadConcern{level=null}, credential=MongoCredential{mechanism=null, userName='ticketingapp', source='admin', password=<hidden>, mechanismProperties=<hidden>}, transportSettings=null, commandListeners=[], codecRegistry=ProvidersCodecRegistry{codecProviders=[ValueCodecProvider{}, BsonValueCodecProvider{}, DBRefCodecProvider{}, DBObjectCodecProvider{}, DocumentCodecProvider{}, CollectionCodecProvider{}, IterableCodecProvider{}, MapCodecProvider{}, GeoJsonCodecProvider{}, GridFSFileCodecProvider{}, Jsr310CodecProvider{}, JsonObjectCodecProvider{}, BsonCodecProvider{}, EnumCodecProvider{}, com.mongodb.client.model.mql.ExpressionCodecProvider@ea00de, com.mongodb.Jep395RecordCodecProvider@23ca36d, com.mongodb.KotlinCodecProvider@52f6900a]}, loggerSettings=LoggerSettings{maxDocumentLength=1000}, clusterSettings={hosts=[127.0.0.1:27017], srvHost=ticketing-app-cluster.ippit.mongodb.net, srvServiceName=mongodb, mode=MULTIPLE, requiredClusterType=REPLICA_SET, requiredReplicaSetName='atlas-1bi6sw-shard-0', serverSelector='null', clusterListeners='[]', serverSelectionTimeout='30000 ms', localThreshold='15 ms'}, socketSettings=SocketSettings{connectTimeoutMS=10000, readTimeoutMS=0, receiveBufferSize=0, proxySettings=ProxySettings{host=null, port=null, username=null, password=null}}, heartbeatSocketSettings=SocketSettings{connectTimeoutMS=10000, readTimeoutMS=10000, receiveBufferSize=0, proxySettings=ProxySettings{host=null, port=null, username=null, password=null}}, connectionPoolSettings=ConnectionPoolSettings{maxSize=100, minSize=0, maxWaitTimeMS=120000, maxConnectionLifeTimeMS=0, maxConnectionIdleTimeMS=0, maintenanceInitialDelayMS=0, maintenanceFrequencyMS=60000, connectionPoolListeners=[], maxConnecting=2}, serverSettings=ServerSettings{heartbeatFrequencyMS=10000, minHeartbeatFrequencyMS=500, serverMonitoringMode=AUTO, serverListeners='[]', serverMonitorListeners='[]'}, sslSettings=SslSettings{enabled=true, invalidHostNameAllowed=false, context=null}, applicationName='ticketing-app-cluster', compressorList=[], uuidRepresentation=JAVA_LEGACY, serverApi=null, autoEncryptionSettings=null, dnsClient=null, inetAddressResolver=null, contextProvider=null, timeoutMS=null}
2025-01-18 09:17:04 [cluster-ClusterId{value='678b24383c32c630e0414118', description='ticketing-app-cluster'}-srv-ticketing-app-cluster.ippit.mongodb.net] INFO  org.mongodb.driver.cluster - Adding discovered server ticketing-app-cluster-shard-00-02.ippit.mongodb.net:27017 to client view of cluster
2025-01-18 09:17:04 [cluster-ClusterId{value='678b24383c32c630e0414118', description='ticketing-app-cluster'}-srv-ticketing-app-cluster.ippit.mongodb.net] INFO  org.mongodb.driver.cluster - Adding discovered server ticketing-app-cluster-shard-00-01.ippit.mongodb.net:27017 to client view of cluster
2025-01-18 09:17:04 [cluster-ClusterId{value='678b24383c32c630e0414118', description='ticketing-app-cluster'}-srv-ticketing-app-cluster.ippit.mongodb.net] INFO  org.mongodb.driver.cluster - Adding discovered server ticketing-app-cluster-shard-00-00.ippit.mongodb.net:27017 to client view of cluster
2025-01-18 09:17:05 [main] DEBUG o.s.w.s.s.s.WebSocketHandlerMapping - Patterns [/ticketing-websocket] in 'webSocketHandlerMapping'
2025-01-18 09:17:05 [cluster-ClusterId{value='678b24383c32c630e0414118', description='ticketing-app-cluster'}-ticketing-app-cluster-shard-00-01.ippit.mongodb.net:27017] INFO  org.mongodb.driver.cluster - Monitor thread successfully connected to server with description ServerDescription{address=ticketing-app-cluster-shard-00-01.ippit.mongodb.net:27017, type=REPLICA_SET_PRIMARY, cryptd=false, state=CONNECTED, ok=true, minWireVersion=0, maxWireVersion=25, maxDocumentSize=16777216, logicalSessionTimeoutMinutes=30, roundTripTimeNanos=372410200, minRoundTripTimeNanos=0, setName='atlas-1bi6sw-shard-0', canonicalAddress=ticketing-app-cluster-shard-00-01.ippit.mongodb.net:27017, hosts=[ticketing-app-cluster-shard-00-00.ippit.mongodb.net:27017, ticketing-app-cluster-shard-00-01.ippit.mongodb.net:27017, ticketing-app-cluster-shard-00-02.ippit.mongodb.net:27017], passives=[], arbiters=[], primary='ticketing-app-cluster-shard-00-01.ippit.mongodb.net:27017', tagSet=TagSet{[Tag{name='availabilityZone', value='asia-south1-b'}, Tag{name='diskState', value='READY'}, Tag{name='nodeType', value='ELECTABLE'}, Tag{name='provider', value='GCP'}, Tag{name='region', value='ASIA_SOUTH_1'}, Tag{name='workloadType', value='OPERATIONAL'}]}, electionId=7fffffff000000000000001f, setVersion=4, topologyVersion=TopologyVersion{processId=677bf87fea8ed919547cf8a9, counter=6}, lastWriteDate=Sat Jan 18 09:17:05 IST 2025, lastUpdateTimeNanos=19389745398000}
2025-01-18 09:17:05 [cluster-ClusterId{value='678b24383c32c630e0414118', description='ticketing-app-cluster'}-ticketing-app-cluster-shard-00-00.ippit.mongodb.net:27017] INFO  org.mongodb.driver.cluster - Monitor thread successfully connected to server with description ServerDescription{address=ticketing-app-cluster-shard-00-00.ippit.mongodb.net:27017, type=REPLICA_SET_SECONDARY, cryptd=false, state=CONNECTED, ok=true, minWireVersion=0, maxWireVersion=25, maxDocumentSize=16777216, logicalSessionTimeoutMinutes=30, roundTripTimeNanos=373498300, minRoundTripTimeNanos=0, setName='atlas-1bi6sw-shard-0', canonicalAddress=ticketing-app-cluster-shard-00-00.ippit.mongodb.net:27017, hosts=[ticketing-app-cluster-shard-00-00.ippit.mongodb.net:27017, ticketing-app-cluster-shard-00-01.ippit.mongodb.net:27017, ticketing-app-cluster-shard-00-02.ippit.mongodb.net:27017], passives=[], arbiters=[], primary='ticketing-app-cluster-shard-00-01.ippit.mongodb.net:27017', tagSet=TagSet{[Tag{name='availabilityZone', value='asia-south1-a'}, Tag{name='diskState', value='READY'}, Tag{name='nodeType', value='ELECTABLE'}, Tag{name='provider', value='GCP'}, Tag{name='region', value='ASIA_SOUTH_1'}, Tag{name='workloadType', value='OPERATIONAL'}]}, electionId=null, setVersion=4, topologyVersion=TopologyVersion{processId=677bf404d1d9dcdd2da47a95, counter=4}, lastWriteDate=Sat Jan 18 09:17:05 IST 2025, lastUpdateTimeNanos=19389746515800}
2025-01-18 09:17:05 [cluster-ClusterId{value='678b24383c32c630e0414118', description='ticketing-app-cluster'}-ticketing-app-cluster-shard-00-01.ippit.mongodb.net:27017] INFO  org.mongodb.driver.cluster - Discovered replica set primary ticketing-app-cluster-shard-00-01.ippit.mongodb.net:27017 with max election id 7fffffff000000000000001f and max set version 4
2025-01-18 09:17:05 [cluster-ClusterId{value='678b24383c32c630e0414118', description='ticketing-app-cluster'}-ticketing-app-cluster-shard-00-02.ippit.mongodb.net:27017] INFO  org.mongodb.driver.cluster - Monitor thread successfully connected to server with description ServerDescription{address=ticketing-app-cluster-shard-00-02.ippit.mongodb.net:27017, type=REPLICA_SET_SECONDARY, cryptd=false, state=CONNECTED, ok=true, minWireVersion=0, maxWireVersion=25, maxDocumentSize=16777216, logicalSessionTimeoutMinutes=30, roundTripTimeNanos=373530900, minRoundTripTimeNanos=0, setName='atlas-1bi6sw-shard-0', canonicalAddress=ticketing-app-cluster-shard-00-02.ippit.mongodb.net:27017, hosts=[ticketing-app-cluster-shard-00-00.ippit.mongodb.net:27017, ticketing-app-cluster-shard-00-01.ippit.mongodb.net:27017, ticketing-app-cluster-shard-00-02.ippit.mongodb.net:27017], passives=[], arbiters=[], primary='ticketing-app-cluster-shard-00-01.ippit.mongodb.net:27017', tagSet=TagSet{[Tag{name='availabilityZone', value='asia-south1-c'}, Tag{name='diskState', value='READY'}, Tag{name='nodeType', value='ELECTABLE'}, Tag{name='provider', value='GCP'}, Tag{name='region', value='ASIA_SOUTH_1'}, Tag{name='workloadType', value='OPERATIONAL'}]}, electionId=null, setVersion=4, topologyVersion=TopologyVersion{processId=677bfd54d08e8749f0058e75, counter=3}, lastWriteDate=Sat Jan 18 09:17:05 IST 2025, lastUpdateTimeNanos=19389746515800}
2025-01-18 09:17:05 [main] INFO  o.a.coyote.http11.Http11NioProtocol - Starting ProtocolHandler ["http-nio-8080"]
2025-01-18 09:17:05 [main] INFO  o.s.b.w.e.tomcat.TomcatWebServer - Tomcat started on port 8080 (http) with context path '/'
2025-01-18 09:17:05 [main] INFO  c.e.t.TicketManagerApplication - Started TicketManagerApplication in 4.089 seconds (process running for 4.977)
2025-01-18 09:17:41 [http-nio-8080-exec-3] INFO  o.a.c.c.C.[Tomcat].[localhost].[/] - Initializing Spring DispatcherServlet 'dispatcherServlet'
2025-01-18 09:17:41 [http-nio-8080-exec-3] INFO  o.s.web.servlet.DispatcherServlet - Initializing Servlet 'dispatcherServlet'
2025-01-18 09:17:41 [http-nio-8080-exec-3] INFO  o.s.web.servlet.DispatcherServlet - Completed initialization in 2 ms
2025-01-18 09:17:42 [http-nio-8080-exec-1] INFO  c.e.ticketManager.util.GlobalLogger - {vendor-a48922150bbe497878c71129018306526f0a66f306e8326b1=com.example.ticketing.model.User@45196db6, vendor-73438c11d01d454090092d1f85eaa143bb13204821bc12602=com.example.ticketing.model.User@66c9190}
2025-01-18 09:17:47 [http-nio-8080-exec-8] DEBUG o.s.w.s.s.s.WebSocketHandlerMapping - Mapped to org.springframework.web.socket.server.support.WebSocketHttpRequestHandler@5c59a0f7
2025-01-18 09:17:47 [http-nio-8080-exec-8] DEBUG o.s.w.s.s.s.WebSocketHttpRequestHandler - GET /ticketing-websocket
2025-01-18 09:17:47 [http-nio-8080-exec-8] DEBUG o.s.w.s.h.LoggingWebSocketHandlerDecorator - New StandardWebSocketSession[id=dc0391ac-8539-18a6-7ac4-168105fee793, uri=ws://localhost:8080/ticketing-websocket]
2025-01-18 09:18:08 [http-nio-8080-exec-6] DEBUG o.s.w.s.h.LoggingWebSocketHandlerDecorator - StandardWebSocketSession[id=dc0391ac-8539-18a6-7ac4-168105fee793, uri=ws://localhost:8080/ticketing-websocket] closed with CloseStatus[code=1001, reason=null]
2025-01-18 09:18:10 [http-nio-8080-exec-5] DEBUG o.s.w.s.s.s.WebSocketHandlerMapping - Mapped to org.springframework.web.socket.server.support.WebSocketHttpRequestHandler@5c59a0f7
2025-01-18 09:18:10 [http-nio-8080-exec-5] DEBUG o.s.w.s.s.s.WebSocketHttpRequestHandler - GET /ticketing-websocket
2025-01-18 09:18:10 [http-nio-8080-exec-5] DEBUG o.s.w.s.h.LoggingWebSocketHandlerDecorator - New StandardWebSocketSession[id=622f7ed1-06cf-b543-053b-f900a4ddebcb, uri=ws://localhost:8080/ticketing-websocket]
2025-01-18 09:18:27 [http-nio-8080-exec-8] INFO  c.e.ticketManager.util.GlobalLogger - {vendor-a48922150bbe497878c71129018306526f0a66f306e8326b1=com.example.ticketing.model.User@26ccf374, vendor-73438c11d01d454090092d1f85eaa143bb13204821bc12602=com.example.ticketing.model.User@f06fb85}
2025-01-18 09:23:45 [http-nio-8080-exec-3] DEBUG o.s.w.s.h.LoggingWebSocketHandlerDecorator - StandardWebSocketSession[id=622f7ed1-06cf-b543-053b-f900a4ddebcb, uri=ws://localhost:8080/ticketing-websocket] closed with CloseStatus[code=1001, reason=null]
2025-01-18 09:23:48 [http-nio-8080-exec-6] DEBUG o.s.w.s.s.s.WebSocketHandlerMapping - Mapped to org.springframework.web.socket.server.support.WebSocketHttpRequestHandler@5c59a0f7
2025-01-18 09:23:48 [http-nio-8080-exec-6] DEBUG o.s.w.s.s.s.WebSocketHttpRequestHandler - GET /ticketing-websocket
2025-01-18 09:23:48 [http-nio-8080-exec-6] DEBUG o.s.w.s.h.LoggingWebSocketHandlerDecorator - New StandardWebSocketSession[id=9f432127-75ae-fbcf-3fde-43835b1a4ea3, uri=ws://localhost:8080/ticketing-websocket]
2025-01-18 09:24:22 [main] INFO  c.e.t.TicketManagerApplication - Starting TicketManagerApplication using Java 17.0.12 with PID 11336 (C:\Users\Pramesh\Desktop\Viva\multithread-ticketing-app-server\target\classes started by Pramesh in C:\Users\Pramesh\Desktop\Viva\multithread-ticketing-app-server)
2025-01-18 09:24:22 [main] INFO  c.e.t.TicketManagerApplication - No active profile set, falling back to 1 default profile: "default"
2025-01-18 09:24:23 [main] INFO  o.s.d.r.c.RepositoryConfigurationDelegate - Bootstrapping Spring Data MongoDB repositories in DEFAULT mode.
2025-01-18 09:24:23 [main] INFO  o.s.d.r.c.RepositoryConfigurationDelegate - Finished Spring Data repository scanning in 167 ms. Found 1 MongoDB repository interface.
2025-01-18 09:24:24 [main] INFO  o.s.b.w.e.tomcat.TomcatWebServer - Tomcat initialized with port 8080 (http)
2025-01-18 09:24:24 [main] INFO  o.a.coyote.http11.Http11NioProtocol - Initializing ProtocolHandler ["http-nio-8080"]
2025-01-18 09:24:24 [main] INFO  o.a.catalina.core.StandardService - Starting service [Tomcat]
2025-01-18 09:24:24 [main] INFO  o.a.catalina.core.StandardEngine - Starting Servlet engine: [Apache Tomcat/10.1.33]
2025-01-18 09:24:24 [main] INFO  o.a.c.c.C.[Tomcat].[localhost].[/] - Initializing Spring embedded WebApplicationContext
2025-01-18 09:24:24 [main] INFO  o.s.b.w.s.c.ServletWebServerApplicationContext - Root WebApplicationContext: initialization completed in 1901 ms
2025-01-18 09:24:25 [main] INFO  org.mongodb.driver.client - MongoClient with metadata {"application": {"name": "ticketing-app-cluster"}, "driver": {"name": "mongo-java-driver|sync|spring-boot", "version": "5.2.1"}, "os": {"type": "Windows", "name": "Windows 11", "architecture": "amd64", "version": "10.0"}, "platform": "Java/Oracle Corporation/17.0.12+8-LTS-286"} created with settings MongoClientSettings{readPreference=primary, writeConcern=WriteConcern{w=majority, wTimeout=null ms, journal=null}, retryWrites=true, retryReads=true, readConcern=ReadConcern{level=null}, credential=MongoCredential{mechanism=null, userName='ticketingapp', source='admin', password=<hidden>, mechanismProperties=<hidden>}, transportSettings=null, commandListeners=[], codecRegistry=ProvidersCodecRegistry{codecProviders=[ValueCodecProvider{}, BsonValueCodecProvider{}, DBRefCodecProvider{}, DBObjectCodecProvider{}, DocumentCodecProvider{}, CollectionCodecProvider{}, IterableCodecProvider{}, MapCodecProvider{}, GeoJsonCodecProvider{}, GridFSFileCodecProvider{}, Jsr310CodecProvider{}, JsonObjectCodecProvider{}, BsonCodecProvider{}, EnumCodecProvider{}, com.mongodb.client.model.mql.ExpressionCodecProvider@5bde57ab, com.mongodb.Jep395RecordCodecProvider@ea00de, com.mongodb.KotlinCodecProvider@23ca36d]}, loggerSettings=LoggerSettings{maxDocumentLength=1000}, clusterSettings={hosts=[127.0.0.1:27017], srvHost=ticketing-app-cluster.ippit.mongodb.net, srvServiceName=mongodb, mode=MULTIPLE, requiredClusterType=REPLICA_SET, requiredReplicaSetName='atlas-1bi6sw-shard-0', serverSelector='null', clusterListeners='[]', serverSelectionTimeout='30000 ms', localThreshold='15 ms'}, socketSettings=SocketSettings{connectTimeoutMS=10000, readTimeoutMS=0, receiveBufferSize=0, proxySettings=ProxySettings{host=null, port=null, username=null, password=null}}, heartbeatSocketSettings=SocketSettings{connectTimeoutMS=10000, readTimeoutMS=10000, receiveBufferSize=0, proxySettings=ProxySettings{host=null, port=null, username=null, password=null}}, connectionPoolSettings=ConnectionPoolSettings{maxSize=100, minSize=0, maxWaitTimeMS=120000, maxConnectionLifeTimeMS=0, maxConnectionIdleTimeMS=0, maintenanceInitialDelayMS=0, maintenanceFrequencyMS=60000, connectionPoolListeners=[], maxConnecting=2}, serverSettings=ServerSettings{heartbeatFrequencyMS=10000, minHeartbeatFrequencyMS=500, serverMonitoringMode=AUTO, serverListeners='[]', serverMonitorListeners='[]'}, sslSettings=SslSettings{enabled=true, invalidHostNameAllowed=false, context=null}, applicationName='ticketing-app-cluster', compressorList=[], uuidRepresentation=JAVA_LEGACY, serverApi=null, autoEncryptionSettings=null, dnsClient=null, inetAddressResolver=null, contextProvider=null, timeoutMS=null}
2025-01-18 09:24:25 [cluster-ClusterId{value='678b25f0d09739586761e455', description='ticketing-app-cluster'}-srv-ticketing-app-cluster.ippit.mongodb.net] INFO  org.mongodb.driver.cluster - Adding discovered server ticketing-app-cluster-shard-00-02.ippit.mongodb.net:27017 to client view of cluster
2025-01-18 09:24:25 [cluster-ClusterId{value='678b25f0d09739586761e455', description='ticketing-app-cluster'}-srv-ticketing-app-cluster.ippit.mongodb.net] INFO  org.mongodb.driver.cluster - Adding discovered server ticketing-app-cluster-shard-00-01.ippit.mongodb.net:27017 to client view of cluster
2025-01-18 09:24:25 [cluster-ClusterId{value='678b25f0d09739586761e455', description='ticketing-app-cluster'}-srv-ticketing-app-cluster.ippit.mongodb.net] INFO  org.mongodb.driver.cluster - Adding discovered server ticketing-app-cluster-shard-00-00.ippit.mongodb.net:27017 to client view of cluster
2025-01-18 09:24:25 [main] DEBUG o.s.w.s.s.s.WebSocketHandlerMapping - Patterns [/ticketing-websocket] in 'webSocketHandlerMapping'
2025-01-18 09:24:26 [cluster-ClusterId{value='678b25f0d09739586761e455', description='ticketing-app-cluster'}-ticketing-app-cluster-shard-00-00.ippit.mongodb.net:27017] INFO  org.mongodb.driver.cluster - Monitor thread successfully connected to server with description ServerDescription{address=ticketing-app-cluster-shard-00-00.ippit.mongodb.net:27017, type=REPLICA_SET_SECONDARY, cryptd=false, state=CONNECTED, ok=true, minWireVersion=0, maxWireVersion=25, maxDocumentSize=16777216, logicalSessionTimeoutMinutes=30, roundTripTimeNanos=364784300, minRoundTripTimeNanos=0, setName='atlas-1bi6sw-shard-0', canonicalAddress=ticketing-app-cluster-shard-00-00.ippit.mongodb.net:27017, hosts=[ticketing-app-cluster-shard-00-00.ippit.mongodb.net:27017, ticketing-app-cluster-shard-00-01.ippit.mongodb.net:27017, ticketing-app-cluster-shard-00-02.ippit.mongodb.net:27017], passives=[], arbiters=[], primary='ticketing-app-cluster-shard-00-01.ippit.mongodb.net:27017', tagSet=TagSet{[Tag{name='availabilityZone', value='asia-south1-a'}, Tag{name='diskState', value='READY'}, Tag{name='nodeType', value='ELECTABLE'}, Tag{name='provider', value='GCP'}, Tag{name='region', value='ASIA_SOUTH_1'}, Tag{name='workloadType', value='OPERATIONAL'}]}, electionId=null, setVersion=4, topologyVersion=TopologyVersion{processId=677bf404d1d9dcdd2da47a95, counter=4}, lastWriteDate=Sat Jan 18 09:24:26 IST 2025, lastUpdateTimeNanos=19830220334400}
2025-01-18 09:24:26 [cluster-ClusterId{value='678b25f0d09739586761e455', description='ticketing-app-cluster'}-ticketing-app-cluster-shard-00-02.ippit.mongodb.net:27017] INFO  org.mongodb.driver.cluster - Monitor thread successfully connected to server with description ServerDescription{address=ticketing-app-cluster-shard-00-02.ippit.mongodb.net:27017, type=REPLICA_SET_SECONDARY, cryptd=false, state=CONNECTED, ok=true, minWireVersion=0, maxWireVersion=25, maxDocumentSize=16777216, logicalSessionTimeoutMinutes=30, roundTripTimeNanos=378312400, minRoundTripTimeNanos=0, setName='atlas-1bi6sw-shard-0', canonicalAddress=ticketing-app-cluster-shard-00-02.ippit.mongodb.net:27017, hosts=[ticketing-app-cluster-shard-00-00.ippit.mongodb.net:27017, ticketing-app-cluster-shard-00-01.ippit.mongodb.net:27017, ticketing-app-cluster-shard-00-02.ippit.mongodb.net:27017], passives=[], arbiters=[], primary='ticketing-app-cluster-shard-00-01.ippit.mongodb.net:27017', tagSet=TagSet{[Tag{name='availabilityZone', value='asia-south1-c'}, Tag{name='diskState', value='READY'}, Tag{name='nodeType', value='ELECTABLE'}, Tag{name='provider', value='GCP'}, Tag{name='region', value='ASIA_SOUTH_1'}, Tag{name='workloadType', value='OPERATIONAL'}]}, electionId=null, setVersion=4, topologyVersion=TopologyVersion{processId=677bfd54d08e8749f0058e75, counter=3}, lastWriteDate=Sat Jan 18 09:24:26 IST 2025, lastUpdateTimeNanos=19830233831700}
2025-01-18 09:24:26 [cluster-ClusterId{value='678b25f0d09739586761e455', description='ticketing-app-cluster'}-ticketing-app-cluster-shard-00-01.ippit.mongodb.net:27017] INFO  org.mongodb.driver.cluster - Monitor thread successfully connected to server with description ServerDescription{address=ticketing-app-cluster-shard-00-01.ippit.mongodb.net:27017, type=REPLICA_SET_PRIMARY, cryptd=false, state=CONNECTED, ok=true, minWireVersion=0, maxWireVersion=25, maxDocumentSize=16777216, logicalSessionTimeoutMinutes=30, roundTripTimeNanos=378780100, minRoundTripTimeNanos=0, setName='atlas-1bi6sw-shard-0', canonicalAddress=ticketing-app-cluster-shard-00-01.ippit.mongodb.net:27017, hosts=[ticketing-app-cluster-shard-00-00.ippit.mongodb.net:27017, ticketing-app-cluster-shard-00-01.ippit.mongodb.net:27017, ticketing-app-cluster-shard-00-02.ippit.mongodb.net:27017], passives=[], arbiters=[], primary='ticketing-app-cluster-shard-00-01.ippit.mongodb.net:27017', tagSet=TagSet{[Tag{name='availabilityZone', value='asia-south1-b'}, Tag{name='diskState', value='READY'}, Tag{name='nodeType', value='ELECTABLE'}, Tag{name='provider', value='GCP'}, Tag{name='region', value='ASIA_SOUTH_1'}, Tag{name='workloadType', value='OPERATIONAL'}]}, electionId=7fffffff000000000000001f, setVersion=4, topologyVersion=TopologyVersion{processId=677bf87fea8ed919547cf8a9, counter=6}, lastWriteDate=Sat Jan 18 09:24:26 IST 2025, lastUpdateTimeNanos=19830234298400}
2025-01-18 09:24:26 [cluster-ClusterId{value='678b25f0d09739586761e455', description='ticketing-app-cluster'}-ticketing-app-cluster-shard-00-01.ippit.mongodb.net:27017] INFO  org.mongodb.driver.cluster - Discovered replica set primary ticketing-app-cluster-shard-00-01.ippit.mongodb.net:27017 with max election id 7fffffff000000000000001f and max set version 4
2025-01-18 09:24:26 [main] INFO  o.a.coyote.http11.Http11NioProtocol - Starting ProtocolHandler ["http-nio-8080"]
2025-01-18 09:24:26 [main] INFO  o.s.b.w.e.tomcat.TomcatWebServer - Tomcat started on port 8080 (http) with context path '/'
2025-01-18 09:24:26 [main] INFO  c.e.t.TicketManagerApplication - Started TicketManagerApplication in 5.174 seconds (process running for 5.654)
2025-01-18 09:24:43 [http-nio-8080-exec-1] INFO  o.a.c.c.C.[Tomcat].[localhost].[/] - Initializing Spring DispatcherServlet 'dispatcherServlet'
2025-01-18 09:24:43 [http-nio-8080-exec-1] INFO  o.s.web.servlet.DispatcherServlet - Initializing Servlet 'dispatcherServlet'
2025-01-18 09:24:43 [http-nio-8080-exec-1] INFO  o.s.web.servlet.DispatcherServlet - Completed initialization in 1 ms
2025-01-18 09:24:43 [http-nio-8080-exec-3] INFO  c.e.ticketManager.util.GlobalLogger - {vendor-0508b89e800fa9f123931d8721814d8884425d23ac38a0897=com.example.ticketing.model.User@64d95b8, vendor-a48922150bbe497878c71129018306526f0a66f306e8326b1=com.example.ticketing.model.User@230d3850}
2025-01-18 09:28:42 [main] INFO  c.e.t.TicketManagerApplication - Starting TicketManagerApplication using Java 17.0.12 with PID 13316 (C:\Users\Pramesh\Desktop\Viva\multithread-ticketing-app-server\target\classes started by Pramesh in C:\Users\Pramesh\Desktop\Viva\multithread-ticketing-app-server)
2025-01-18 09:28:42 [main] INFO  c.e.t.TicketManagerApplication - No active profile set, falling back to 1 default profile: "default"
2025-01-18 09:28:43 [main] INFO  o.s.d.r.c.RepositoryConfigurationDelegate - Bootstrapping Spring Data MongoDB repositories in DEFAULT mode.
2025-01-18 09:28:43 [main] INFO  o.s.d.r.c.RepositoryConfigurationDelegate - Finished Spring Data repository scanning in 87 ms. Found 1 MongoDB repository interface.
2025-01-18 09:28:43 [main] INFO  o.s.b.w.e.tomcat.TomcatWebServer - Tomcat initialized with port 8080 (http)
2025-01-18 09:28:43 [main] INFO  o.a.coyote.http11.Http11NioProtocol - Initializing ProtocolHandler ["http-nio-8080"]
2025-01-18 09:28:43 [main] INFO  o.a.catalina.core.StandardService - Starting service [Tomcat]
2025-01-18 09:28:43 [main] INFO  o.a.catalina.core.StandardEngine - Starting Servlet engine: [Apache Tomcat/10.1.33]
2025-01-18 09:28:43 [main] INFO  o.a.c.c.C.[Tomcat].[localhost].[/] - Initializing Spring embedded WebApplicationContext
2025-01-18 09:28:43 [main] INFO  o.s.b.w.s.c.ServletWebServerApplicationContext - Root WebApplicationContext: initialization completed in 1724 ms
2025-01-18 09:28:44 [main] INFO  org.mongodb.driver.client - MongoClient with metadata {"application": {"name": "ticketing-app-cluster"}, "driver": {"name": "mongo-java-driver|sync|spring-boot", "version": "5.2.1"}, "os": {"type": "Windows", "name": "Windows 11", "architecture": "amd64", "version": "10.0"}, "platform": "Java/Oracle Corporation/17.0.12+8-LTS-286"} created with settings MongoClientSettings{readPreference=primary, writeConcern=WriteConcern{w=majority, wTimeout=null ms, journal=null}, retryWrites=true, retryReads=true, readConcern=ReadConcern{level=null}, credential=MongoCredential{mechanism=null, userName='ticketingapp', source='admin', password=<hidden>, mechanismProperties=<hidden>}, transportSettings=null, commandListeners=[], codecRegistry=ProvidersCodecRegistry{codecProviders=[ValueCodecProvider{}, BsonValueCodecProvider{}, DBRefCodecProvider{}, DBObjectCodecProvider{}, DocumentCodecProvider{}, CollectionCodecProvider{}, IterableCodecProvider{}, MapCodecProvider{}, GeoJsonCodecProvider{}, GridFSFileCodecProvider{}, Jsr310CodecProvider{}, JsonObjectCodecProvider{}, BsonCodecProvider{}, EnumCodecProvider{}, com.mongodb.client.model.mql.ExpressionCodecProvider@2c1f8dbd, com.mongodb.Jep395RecordCodecProvider@55c57422, com.mongodb.KotlinCodecProvider@22825e1e]}, loggerSettings=LoggerSettings{maxDocumentLength=1000}, clusterSettings={hosts=[127.0.0.1:27017], srvHost=ticketing-app-cluster.ippit.mongodb.net, srvServiceName=mongodb, mode=MULTIPLE, requiredClusterType=REPLICA_SET, requiredReplicaSetName='atlas-1bi6sw-shard-0', serverSelector='null', clusterListeners='[]', serverSelectionTimeout='30000 ms', localThreshold='15 ms'}, socketSettings=SocketSettings{connectTimeoutMS=10000, readTimeoutMS=0, receiveBufferSize=0, proxySettings=ProxySettings{host=null, port=null, username=null, password=null}}, heartbeatSocketSettings=SocketSettings{connectTimeoutMS=10000, readTimeoutMS=10000, receiveBufferSize=0, proxySettings=ProxySettings{host=null, port=null, username=null, password=null}}, connectionPoolSettings=ConnectionPoolSettings{maxSize=100, minSize=0, maxWaitTimeMS=120000, maxConnectionLifeTimeMS=0, maxConnectionIdleTimeMS=0, maintenanceInitialDelayMS=0, maintenanceFrequencyMS=60000, connectionPoolListeners=[], maxConnecting=2}, serverSettings=ServerSettings{heartbeatFrequencyMS=10000, minHeartbeatFrequencyMS=500, serverMonitoringMode=AUTO, serverListeners='[]', serverMonitorListeners='[]'}, sslSettings=SslSettings{enabled=true, invalidHostNameAllowed=false, context=null}, applicationName='ticketing-app-cluster', compressorList=[], uuidRepresentation=JAVA_LEGACY, serverApi=null, autoEncryptionSettings=null, dnsClient=null, inetAddressResolver=null, contextProvider=null, timeoutMS=null}
2025-01-18 09:28:44 [cluster-ClusterId{value='678b26f41cea804e12a3fea0', description='ticketing-app-cluster'}-srv-ticketing-app-cluster.ippit.mongodb.net] INFO  org.mongodb.driver.cluster - Adding discovered server ticketing-app-cluster-shard-00-02.ippit.mongodb.net:27017 to client view of cluster
2025-01-18 09:28:44 [cluster-ClusterId{value='678b26f41cea804e12a3fea0', description='ticketing-app-cluster'}-srv-ticketing-app-cluster.ippit.mongodb.net] INFO  org.mongodb.driver.cluster - Adding discovered server ticketing-app-cluster-shard-00-01.ippit.mongodb.net:27017 to client view of cluster
2025-01-18 09:28:44 [cluster-ClusterId{value='678b26f41cea804e12a3fea0', description='ticketing-app-cluster'}-srv-ticketing-app-cluster.ippit.mongodb.net] INFO  org.mongodb.driver.cluster - Adding discovered server ticketing-app-cluster-shard-00-00.ippit.mongodb.net:27017 to client view of cluster
2025-01-18 09:28:45 [main] DEBUG o.s.w.s.s.s.WebSocketHandlerMapping - Patterns [/ticketing-websocket] in 'webSocketHandlerMapping'
2025-01-18 09:28:45 [cluster-ClusterId{value='678b26f41cea804e12a3fea0', description='ticketing-app-cluster'}-ticketing-app-cluster-shard-00-02.ippit.mongodb.net:27017] INFO  org.mongodb.driver.cluster - Monitor thread successfully connected to server with description ServerDescription{address=ticketing-app-cluster-shard-00-02.ippit.mongodb.net:27017, type=REPLICA_SET_SECONDARY, cryptd=false, state=CONNECTED, ok=true, minWireVersion=0, maxWireVersion=25, maxDocumentSize=16777216, logicalSessionTimeoutMinutes=30, roundTripTimeNanos=439140600, minRoundTripTimeNanos=0, setName='atlas-1bi6sw-shard-0', canonicalAddress=ticketing-app-cluster-shard-00-02.ippit.mongodb.net:27017, hosts=[ticketing-app-cluster-shard-00-00.ippit.mongodb.net:27017, ticketing-app-cluster-shard-00-01.ippit.mongodb.net:27017, ticketing-app-cluster-shard-00-02.ippit.mongodb.net:27017], passives=[], arbiters=[], primary='ticketing-app-cluster-shard-00-01.ippit.mongodb.net:27017', tagSet=TagSet{[Tag{name='availabilityZone', value='asia-south1-c'}, Tag{name='diskState', value='READY'}, Tag{name='nodeType', value='ELECTABLE'}, Tag{name='provider', value='GCP'}, Tag{name='region', value='ASIA_SOUTH_1'}, Tag{name='workloadType', value='OPERATIONAL'}]}, electionId=null, setVersion=4, topologyVersion=TopologyVersion{processId=677bfd54d08e8749f0058e75, counter=3}, lastWriteDate=Sat Jan 18 09:28:45 IST 2025, lastUpdateTimeNanos=20089759664000}
2025-01-18 09:28:45 [cluster-ClusterId{value='678b26f41cea804e12a3fea0', description='ticketing-app-cluster'}-ticketing-app-cluster-shard-00-01.ippit.mongodb.net:27017] INFO  org.mongodb.driver.cluster - Monitor thread successfully connected to server with description ServerDescription{address=ticketing-app-cluster-shard-00-01.ippit.mongodb.net:27017, type=REPLICA_SET_PRIMARY, cryptd=false, state=CONNECTED, ok=true, minWireVersion=0, maxWireVersion=25, maxDocumentSize=16777216, logicalSessionTimeoutMinutes=30, roundTripTimeNanos=444975400, minRoundTripTimeNanos=0, setName='atlas-1bi6sw-shard-0', canonicalAddress=ticketing-app-cluster-shard-00-01.ippit.mongodb.net:27017, hosts=[ticketing-app-cluster-shard-00-00.ippit.mongodb.net:27017, ticketing-app-cluster-shard-00-01.ippit.mongodb.net:27017, ticketing-app-cluster-shard-00-02.ippit.mongodb.net:27017], passives=[], arbiters=[], primary='ticketing-app-cluster-shard-00-01.ippit.mongodb.net:27017', tagSet=TagSet{[Tag{name='availabilityZone', value='asia-south1-b'}, Tag{name='diskState', value='READY'}, Tag{name='nodeType', value='ELECTABLE'}, Tag{name='provider', value='GCP'}, Tag{name='region', value='ASIA_SOUTH_1'}, Tag{name='workloadType', value='OPERATIONAL'}]}, electionId=7fffffff000000000000001f, setVersion=4, topologyVersion=TopologyVersion{processId=677bf87fea8ed919547cf8a9, counter=6}, lastWriteDate=Sat Jan 18 09:28:45 IST 2025, lastUpdateTimeNanos=20089765500600}
2025-01-18 09:28:45 [cluster-ClusterId{value='678b26f41cea804e12a3fea0', description='ticketing-app-cluster'}-ticketing-app-cluster-shard-00-01.ippit.mongodb.net:27017] INFO  org.mongodb.driver.cluster - Discovered replica set primary ticketing-app-cluster-shard-00-01.ippit.mongodb.net:27017 with max election id 7fffffff000000000000001f and max set version 4
2025-01-18 09:28:45 [cluster-ClusterId{value='678b26f41cea804e12a3fea0', description='ticketing-app-cluster'}-ticketing-app-cluster-shard-00-00.ippit.mongodb.net:27017] INFO  org.mongodb.driver.cluster - Monitor thread successfully connected to server with description ServerDescription{address=ticketing-app-cluster-shard-00-00.ippit.mongodb.net:27017, type=REPLICA_SET_SECONDARY, cryptd=false, state=CONNECTED, ok=true, minWireVersion=0, maxWireVersion=25, maxDocumentSize=16777216, logicalSessionTimeoutMinutes=30, roundTripTimeNanos=435521600, minRoundTripTimeNanos=0, setName='atlas-1bi6sw-shard-0', canonicalAddress=ticketing-app-cluster-shard-00-00.ippit.mongodb.net:27017, hosts=[ticketing-app-cluster-shard-00-00.ippit.mongodb.net:27017, ticketing-app-cluster-shard-00-01.ippit.mongodb.net:27017, ticketing-app-cluster-shard-00-02.ippit.mongodb.net:27017], passives=[], arbiters=[], primary='ticketing-app-cluster-shard-00-01.ippit.mongodb.net:27017', tagSet=TagSet{[Tag{name='availabilityZone', value='asia-south1-a'}, Tag{name='diskState', value='READY'}, Tag{name='nodeType', value='ELECTABLE'}, Tag{name='provider', value='GCP'}, Tag{name='region', value='ASIA_SOUTH_1'}, Tag{name='workloadType', value='OPERATIONAL'}]}, electionId=null, setVersion=4, topologyVersion=TopologyVersion{processId=677bf404d1d9dcdd2da47a95, counter=4}, lastWriteDate=Sat Jan 18 09:28:45 GMT+05:30 2025, lastUpdateTimeNanos=20089756046900}
2025-01-18 09:28:46 [main] INFO  o.a.coyote.http11.Http11NioProtocol - Starting ProtocolHandler ["http-nio-8080"]
2025-01-18 09:28:46 [main] INFO  o.s.b.w.e.tomcat.TomcatWebServer - Tomcat started on port 8080 (http) with context path '/'
2025-01-18 09:28:46 [main] INFO  c.e.t.TicketManagerApplication - Started TicketManagerApplication in 4.741 seconds (process running for 5.18)
2025-01-18 09:28:49 [http-nio-8080-exec-1] INFO  o.a.c.c.C.[Tomcat].[localhost].[/] - Initializing Spring DispatcherServlet 'dispatcherServlet'
2025-01-18 09:28:49 [http-nio-8080-exec-1] INFO  o.s.web.servlet.DispatcherServlet - Initializing Servlet 'dispatcherServlet'
2025-01-18 09:28:49 [http-nio-8080-exec-1] INFO  o.s.web.servlet.DispatcherServlet - Completed initialization in 4 ms
2025-01-18 09:28:49 [http-nio-8080-exec-2] DEBUG o.s.w.s.s.s.WebSocketHandlerMapping - Mapped to org.springframework.web.socket.server.support.WebSocketHttpRequestHandler@65593327
2025-01-18 09:28:49 [http-nio-8080-exec-2] DEBUG o.s.w.s.s.s.WebSocketHttpRequestHandler - GET /ticketing-websocket
2025-01-18 09:28:49 [http-nio-8080-exec-2] DEBUG o.s.w.s.h.LoggingWebSocketHandlerDecorator - New StandardWebSocketSession[id=d13090de-1cad-4aec-947f-79e7bad486b4, uri=ws://localhost:8080/ticketing-websocket]
2025-01-18 09:29:12 [http-nio-8080-exec-6] INFO  c.e.ticketManager.util.GlobalLogger - {vendor-a48922150bbe497878c71129018306526f0a66f306e8326b1=com.example.ticketing.model.User@184baefc, vendor-73438c11d01d454090092d1f85eaa143bb13204821bc12602=com.example.ticketing.model.User@4c6701a0}
2025-01-18 09:31:39 [pool-3-thread-4] DEBUG o.s.w.s.h.LoggingWebSocketHandlerDecorator - StandardWebSocketSession[id=d13090de-1cad-4aec-947f-79e7bad486b4, uri=ws://localhost:8080/ticketing-websocket] closed with CloseStatus[code=1006, reason=The current thread was interrupted while waiting for a blocking send to complete]
2025-01-18 10:03:08 [cluster-ClusterId{value='678b26f41cea804e12a3fea0', description='ticketing-app-cluster'}-ticketing-app-cluster-shard-00-02.ippit.mongodb.net:27017] INFO  org.mongodb.driver.cluster - Exception in monitor thread while connecting to server ticketing-app-cluster-shard-00-02.ippit.mongodb.net:27017
com.mongodb.MongoSocketReadTimeoutException: Timeout while receiving message
	at com.mongodb.internal.connection.InternalStreamConnection.createReadTimeoutException(InternalStreamConnection.java:824)
	at com.mongodb.internal.connection.InternalStreamConnection.translateReadException(InternalStreamConnection.java:812)
	at com.mongodb.internal.connection.InternalStreamConnection.receiveResponseBuffers(InternalStreamConnection.java:862)
	at com.mongodb.internal.connection.InternalStreamConnection.receiveCommandMessageResponse(InternalStreamConnection.java:517)
	at com.mongodb.internal.connection.InternalStreamConnection.receive(InternalStreamConnection.java:469)
	at com.mongodb.internal.connection.DefaultServerMonitor$ServerMonitor.lookupServerDescription(DefaultServerMonitor.java:249)
	at com.mongodb.internal.connection.DefaultServerMonitor$ServerMonitor.run(DefaultServerMonitor.java:176)
Caused by: java.net.SocketTimeoutException: Read timed out
	at java.base/sun.nio.ch.NioSocketImpl.timedRead(NioSocketImpl.java:288)
	at java.base/sun.nio.ch.NioSocketImpl.implRead(NioSocketImpl.java:314)
	at java.base/sun.nio.ch.NioSocketImpl.read(NioSocketImpl.java:355)
	at java.base/sun.nio.ch.NioSocketImpl$1.read(NioSocketImpl.java:808)
	at java.base/java.net.Socket$SocketInputStream.read(Socket.java:966)
	at java.base/sun.security.ssl.SSLSocketInputRecord.read(SSLSocketInputRecord.java:484)
	at java.base/sun.security.ssl.SSLSocketInputRecord.readHeader(SSLSocketInputRecord.java:478)
	at java.base/sun.security.ssl.SSLSocketInputRecord.bytesInCompletePacket(SSLSocketInputRecord.java:70)
	at java.base/sun.security.ssl.SSLSocketImpl.readApplicationRecord(SSLSocketImpl.java:1461)
	at java.base/sun.security.ssl.SSLSocketImpl$AppInputStream.read(SSLSocketImpl.java:1065)
	at com.mongodb.internal.connection.SocketStream.read(SocketStream.java:182)
	at com.mongodb.internal.connection.InternalStreamConnection.receiveResponseBuffers(InternalStreamConnection.java:829)
	... 4 common frames omitted
2025-01-18 10:03:19 [cluster-ClusterId{value='678b26f41cea804e12a3fea0', description='ticketing-app-cluster'}-ticketing-app-cluster-shard-00-02.ippit.mongodb.net:27017] INFO  org.mongodb.driver.cluster - Monitor thread successfully connected to server with description ServerDescription{address=ticketing-app-cluster-shard-00-02.ippit.mongodb.net:27017, type=REPLICA_SET_SECONDARY, cryptd=false, state=CONNECTED, ok=true, minWireVersion=0, maxWireVersion=25, maxDocumentSize=16777216, logicalSessionTimeoutMinutes=30, roundTripTimeNanos=186324600, minRoundTripTimeNanos=0, setName='atlas-1bi6sw-shard-0', canonicalAddress=ticketing-app-cluster-shard-00-02.ippit.mongodb.net:27017, hosts=[ticketing-app-cluster-shard-00-00.ippit.mongodb.net:27017, ticketing-app-cluster-shard-00-01.ippit.mongodb.net:27017, ticketing-app-cluster-shard-00-02.ippit.mongodb.net:27017], passives=[], arbiters=[], primary='ticketing-app-cluster-shard-00-01.ippit.mongodb.net:27017', tagSet=TagSet{[Tag{name='availabilityZone', value='asia-south1-c'}, Tag{name='diskState', value='READY'}, Tag{name='nodeType', value='ELECTABLE'}, Tag{name='provider', value='GCP'}, Tag{name='region', value='ASIA_SOUTH_1'}, Tag{name='workloadType', value='OPERATIONAL'}]}, electionId=null, setVersion=4, topologyVersion=TopologyVersion{processId=677bfd54d08e8749f0058e75, counter=3}, lastWriteDate=Sat Jan 18 10:03:18 GMT+05:30 2025, lastUpdateTimeNanos=22163255906300}
2025-01-18 10:04:07 [cluster-ClusterId{value='678b26f41cea804e12a3fea0', description='ticketing-app-cluster'}-ticketing-app-cluster-shard-00-00.ippit.mongodb.net:27017] INFO  org.mongodb.driver.cluster - Exception in monitor thread while connecting to server ticketing-app-cluster-shard-00-00.ippit.mongodb.net:27017
com.mongodb.MongoSocketReadTimeoutException: Timeout while receiving message
	at com.mongodb.internal.connection.InternalStreamConnection.createReadTimeoutException(InternalStreamConnection.java:824)
	at com.mongodb.internal.connection.InternalStreamConnection.translateReadException(InternalStreamConnection.java:812)
	at com.mongodb.internal.connection.InternalStreamConnection.receiveResponseBuffers(InternalStreamConnection.java:862)
	at com.mongodb.internal.connection.InternalStreamConnection.receiveCommandMessageResponse(InternalStreamConnection.java:517)
	at com.mongodb.internal.connection.InternalStreamConnection.receive(InternalStreamConnection.java:469)
	at com.mongodb.internal.connection.DefaultServerMonitor$ServerMonitor.lookupServerDescription(DefaultServerMonitor.java:249)
	at com.mongodb.internal.connection.DefaultServerMonitor$ServerMonitor.run(DefaultServerMonitor.java:176)
Caused by: java.net.SocketTimeoutException: Read timed out
	at java.base/sun.nio.ch.NioSocketImpl.timedRead(NioSocketImpl.java:288)
	at java.base/sun.nio.ch.NioSocketImpl.implRead(NioSocketImpl.java:314)
	at java.base/sun.nio.ch.NioSocketImpl.read(NioSocketImpl.java:355)
	at java.base/sun.nio.ch.NioSocketImpl$1.read(NioSocketImpl.java:808)
	at java.base/java.net.Socket$SocketInputStream.read(Socket.java:966)
	at java.base/sun.security.ssl.SSLSocketInputRecord.read(SSLSocketInputRecord.java:484)
	at java.base/sun.security.ssl.SSLSocketInputRecord.readHeader(SSLSocketInputRecord.java:478)
	at java.base/sun.security.ssl.SSLSocketInputRecord.bytesInCompletePacket(SSLSocketInputRecord.java:70)
	at java.base/sun.security.ssl.SSLSocketImpl.readApplicationRecord(SSLSocketImpl.java:1461)
	at java.base/sun.security.ssl.SSLSocketImpl$AppInputStream.read(SSLSocketImpl.java:1065)
	at com.mongodb.internal.connection.SocketStream.read(SocketStream.java:182)
	at com.mongodb.internal.connection.InternalStreamConnection.receiveResponseBuffers(InternalStreamConnection.java:829)
	... 4 common frames omitted
2025-01-18 10:04:07 [cluster-ClusterId{value='678b26f41cea804e12a3fea0', description='ticketing-app-cluster'}-ticketing-app-cluster-shard-00-00.ippit.mongodb.net:27017] INFO  org.mongodb.driver.cluster - Exception in monitor thread while connecting to server ticketing-app-cluster-shard-00-00.ippit.mongodb.net:27017
com.mongodb.MongoSocketException: No such host is known (ticketing-app-cluster-shard-00-00.ippit.mongodb.net)
	at com.mongodb.internal.connection.ServerAddressHelper.getSocketAddresses(ServerAddressHelper.java:75)
	at com.mongodb.internal.connection.SocketStream.initializeSocket(SocketStream.java:100)
	at com.mongodb.internal.connection.SocketStream.open(SocketStream.java:79)
	at com.mongodb.internal.connection.InternalStreamConnection.open(InternalStreamConnection.java:233)
	at com.mongodb.internal.connection.DefaultServerMonitor$ServerMonitor.lookupServerDescription(DefaultServerMonitor.java:219)
	at com.mongodb.internal.connection.DefaultServerMonitor$ServerMonitor.run(DefaultServerMonitor.java:176)
Caused by: java.net.UnknownHostException: No such host is known (ticketing-app-cluster-shard-00-00.ippit.mongodb.net)
	at java.base/java.net.Inet6AddressImpl.lookupAllHostAddr(Native Method)
	at java.base/java.net.InetAddress$PlatformNameService.lookupAllHostAddr(InetAddress.java:933)
	at java.base/java.net.InetAddress.getAddressesFromNameService(InetAddress.java:1543)
	at java.base/java.net.InetAddress$NameServiceAddresses.get(InetAddress.java:852)
	at java.base/java.net.InetAddress.getAllByName0(InetAddress.java:1532)
	at java.base/java.net.InetAddress.getAllByName(InetAddress.java:1384)
	at java.base/java.net.InetAddress.getAllByName(InetAddress.java:1305)
	at com.mongodb.internal.connection.DefaultInetAddressResolver.lookupByName(DefaultInetAddressResolver.java:34)
	at com.mongodb.internal.connection.ServerAddressHelper.getSocketAddresses(ServerAddressHelper.java:71)
	... 5 common frames omitted
2025-01-18 10:04:07 [cluster-ClusterId{value='678b26f41cea804e12a3fea0', description='ticketing-app-cluster'}-ticketing-app-cluster-shard-00-01.ippit.mongodb.net:27017] INFO  org.mongodb.driver.cluster - Exception in monitor thread while connecting to server ticketing-app-cluster-shard-00-01.ippit.mongodb.net:27017
com.mongodb.MongoSocketReadTimeoutException: Timeout while receiving message
	at com.mongodb.internal.connection.InternalStreamConnection.createReadTimeoutException(InternalStreamConnection.java:824)
	at com.mongodb.internal.connection.InternalStreamConnection.translateReadException(InternalStreamConnection.java:812)
	at com.mongodb.internal.connection.InternalStreamConnection.receiveResponseBuffers(InternalStreamConnection.java:862)
	at com.mongodb.internal.connection.InternalStreamConnection.receiveCommandMessageResponse(InternalStreamConnection.java:517)
	at com.mongodb.internal.connection.InternalStreamConnection.receive(InternalStreamConnection.java:469)
	at com.mongodb.internal.connection.DefaultServerMonitor$ServerMonitor.lookupServerDescription(DefaultServerMonitor.java:249)
	at com.mongodb.internal.connection.DefaultServerMonitor$ServerMonitor.run(DefaultServerMonitor.java:176)
Caused by: java.net.SocketTimeoutException: Read timed out
	at java.base/sun.nio.ch.NioSocketImpl.timedRead(NioSocketImpl.java:288)
	at java.base/sun.nio.ch.NioSocketImpl.implRead(NioSocketImpl.java:314)
	at java.base/sun.nio.ch.NioSocketImpl.read(NioSocketImpl.java:355)
	at java.base/sun.nio.ch.NioSocketImpl$1.read(NioSocketImpl.java:808)
	at java.base/java.net.Socket$SocketInputStream.read(Socket.java:966)
	at java.base/sun.security.ssl.SSLSocketInputRecord.read(SSLSocketInputRecord.java:484)
	at java.base/sun.security.ssl.SSLSocketInputRecord.readHeader(SSLSocketInputRecord.java:478)
	at java.base/sun.security.ssl.SSLSocketInputRecord.bytesInCompletePacket(SSLSocketInputRecord.java:70)
	at java.base/sun.security.ssl.SSLSocketImpl.readApplicationRecord(SSLSocketImpl.java:1461)
	at java.base/sun.security.ssl.SSLSocketImpl$AppInputStream.read(SSLSocketImpl.java:1065)
	at com.mongodb.internal.connection.SocketStream.read(SocketStream.java:182)
	at com.mongodb.internal.connection.InternalStreamConnection.receiveResponseBuffers(InternalStreamConnection.java:829)
	... 4 common frames omitted
2025-01-18 10:04:07 [cluster-ClusterId{value='678b26f41cea804e12a3fea0', description='ticketing-app-cluster'}-ticketing-app-cluster-shard-00-01.ippit.mongodb.net:27017] INFO  org.mongodb.driver.cluster - Exception in monitor thread while connecting to server ticketing-app-cluster-shard-00-01.ippit.mongodb.net:27017
com.mongodb.MongoSocketException: No such host is known (ticketing-app-cluster-shard-00-01.ippit.mongodb.net)
	at com.mongodb.internal.connection.ServerAddressHelper.getSocketAddresses(ServerAddressHelper.java:75)
	at com.mongodb.internal.connection.SocketStream.initializeSocket(SocketStream.java:100)
	at com.mongodb.internal.connection.SocketStream.open(SocketStream.java:79)
	at com.mongodb.internal.connection.InternalStreamConnection.open(InternalStreamConnection.java:233)
	at com.mongodb.internal.connection.DefaultServerMonitor$ServerMonitor.lookupServerDescription(DefaultServerMonitor.java:219)
	at com.mongodb.internal.connection.DefaultServerMonitor$ServerMonitor.run(DefaultServerMonitor.java:176)
Caused by: java.net.UnknownHostException: No such host is known (ticketing-app-cluster-shard-00-01.ippit.mongodb.net)
	at java.base/java.net.Inet6AddressImpl.lookupAllHostAddr(Native Method)
	at java.base/java.net.InetAddress$PlatformNameService.lookupAllHostAddr(InetAddress.java:933)
	at java.base/java.net.InetAddress.getAddressesFromNameService(InetAddress.java:1543)
	at java.base/java.net.InetAddress$NameServiceAddresses.get(InetAddress.java:852)
	at java.base/java.net.InetAddress.getAllByName0(InetAddress.java:1532)
	at java.base/java.net.InetAddress.getAllByName(InetAddress.java:1384)
	at java.base/java.net.InetAddress.getAllByName(InetAddress.java:1305)
	at com.mongodb.internal.connection.DefaultInetAddressResolver.lookupByName(DefaultInetAddressResolver.java:34)
	at com.mongodb.internal.connection.ServerAddressHelper.getSocketAddresses(ServerAddressHelper.java:71)
	... 5 common frames omitted
2025-01-18 10:04:09 [cluster-ClusterId{value='678b26f41cea804e12a3fea0', description='ticketing-app-cluster'}-ticketing-app-cluster-shard-00-02.ippit.mongodb.net:27017] INFO  org.mongodb.driver.cluster - Exception in monitor thread while connecting to server ticketing-app-cluster-shard-00-02.ippit.mongodb.net:27017
com.mongodb.MongoSocketReadTimeoutException: Timeout while receiving message
	at com.mongodb.internal.connection.InternalStreamConnection.createReadTimeoutException(InternalStreamConnection.java:824)
	at com.mongodb.internal.connection.InternalStreamConnection.translateReadException(InternalStreamConnection.java:812)
	at com.mongodb.internal.connection.InternalStreamConnection.receiveResponseBuffers(InternalStreamConnection.java:862)
	at com.mongodb.internal.connection.InternalStreamConnection.receiveCommandMessageResponse(InternalStreamConnection.java:517)
	at com.mongodb.internal.connection.InternalStreamConnection.receive(InternalStreamConnection.java:469)
	at com.mongodb.internal.connection.DefaultServerMonitor$ServerMonitor.lookupServerDescription(DefaultServerMonitor.java:249)
	at com.mongodb.internal.connection.DefaultServerMonitor$ServerMonitor.run(DefaultServerMonitor.java:176)
Caused by: java.net.SocketTimeoutException: Read timed out
	at java.base/sun.nio.ch.NioSocketImpl.timedRead(NioSocketImpl.java:288)
	at java.base/sun.nio.ch.NioSocketImpl.implRead(NioSocketImpl.java:314)
	at java.base/sun.nio.ch.NioSocketImpl.read(NioSocketImpl.java:355)
	at java.base/sun.nio.ch.NioSocketImpl$1.read(NioSocketImpl.java:808)
	at java.base/java.net.Socket$SocketInputStream.read(Socket.java:966)
	at java.base/sun.security.ssl.SSLSocketInputRecord.read(SSLSocketInputRecord.java:484)
	at java.base/sun.security.ssl.SSLSocketInputRecord.readHeader(SSLSocketInputRecord.java:478)
	at java.base/sun.security.ssl.SSLSocketInputRecord.bytesInCompletePacket(SSLSocketInputRecord.java:70)
	at java.base/sun.security.ssl.SSLSocketImpl.readApplicationRecord(SSLSocketImpl.java:1461)
	at java.base/sun.security.ssl.SSLSocketImpl$AppInputStream.read(SSLSocketImpl.java:1065)
	at com.mongodb.internal.connection.SocketStream.read(SocketStream.java:182)
	at com.mongodb.internal.connection.InternalStreamConnection.receiveResponseBuffers(InternalStreamConnection.java:829)
	... 4 common frames omitted
2025-01-18 10:04:09 [cluster-ClusterId{value='678b26f41cea804e12a3fea0', description='ticketing-app-cluster'}-ticketing-app-cluster-shard-00-02.ippit.mongodb.net:27017] INFO  org.mongodb.driver.cluster - Exception in monitor thread while connecting to server ticketing-app-cluster-shard-00-02.ippit.mongodb.net:27017
com.mongodb.MongoSocketException: No such host is known (ticketing-app-cluster-shard-00-02.ippit.mongodb.net)
	at com.mongodb.internal.connection.ServerAddressHelper.getSocketAddresses(ServerAddressHelper.java:75)
	at com.mongodb.internal.connection.SocketStream.initializeSocket(SocketStream.java:100)
	at com.mongodb.internal.connection.SocketStream.open(SocketStream.java:79)
	at com.mongodb.internal.connection.InternalStreamConnection.open(InternalStreamConnection.java:233)
	at com.mongodb.internal.connection.DefaultServerMonitor$ServerMonitor.lookupServerDescription(DefaultServerMonitor.java:219)
	at com.mongodb.internal.connection.DefaultServerMonitor$ServerMonitor.run(DefaultServerMonitor.java:176)
Caused by: java.net.UnknownHostException: No such host is known (ticketing-app-cluster-shard-00-02.ippit.mongodb.net)
	at java.base/java.net.Inet6AddressImpl.lookupAllHostAddr(Native Method)
	at java.base/java.net.InetAddress$PlatformNameService.lookupAllHostAddr(InetAddress.java:933)
	at java.base/java.net.InetAddress.getAddressesFromNameService(InetAddress.java:1543)
	at java.base/java.net.InetAddress$NameServiceAddresses.get(InetAddress.java:852)
	at java.base/java.net.InetAddress.getAllByName0(InetAddress.java:1532)
	at java.base/java.net.InetAddress.getAllByName(InetAddress.java:1384)
	at java.base/java.net.InetAddress.getAllByName(InetAddress.java:1305)
	at com.mongodb.internal.connection.DefaultInetAddressResolver.lookupByName(DefaultInetAddressResolver.java:34)
	at com.mongodb.internal.connection.ServerAddressHelper.getSocketAddresses(ServerAddressHelper.java:71)
	... 5 common frames omitted
2025-01-18 10:14:10 [cluster-ClusterId{value='678b26f41cea804e12a3fea0', description='ticketing-app-cluster'}-ticketing-app-cluster-shard-00-00.ippit.mongodb.net:27017] INFO  org.mongodb.driver.cluster - Exception in monitor thread while connecting to server ticketing-app-cluster-shard-00-00.ippit.mongodb.net:27017
com.mongodb.MongoSocketException: ticketing-app-cluster-shard-00-00.ippit.mongodb.net
	at com.mongodb.internal.connection.ServerAddressHelper.getSocketAddresses(ServerAddressHelper.java:75)
	at com.mongodb.internal.connection.SocketStream.initializeSocket(SocketStream.java:100)
	at com.mongodb.internal.connection.SocketStream.open(SocketStream.java:79)
	at com.mongodb.internal.connection.InternalStreamConnection.open(InternalStreamConnection.java:233)
	at com.mongodb.internal.connection.DefaultServerMonitor$ServerMonitor.lookupServerDescription(DefaultServerMonitor.java:219)
	at com.mongodb.internal.connection.DefaultServerMonitor$ServerMonitor.run(DefaultServerMonitor.java:176)
Caused by: java.net.UnknownHostException: ticketing-app-cluster-shard-00-00.ippit.mongodb.net
	at java.base/java.net.InetAddress$CachedAddresses.get(InetAddress.java:801)
	at java.base/java.net.InetAddress.getAllByName0(InetAddress.java:1532)
	at java.base/java.net.InetAddress.getAllByName(InetAddress.java:1384)
	at java.base/java.net.InetAddress.getAllByName(InetAddress.java:1305)
	at com.mongodb.internal.connection.DefaultInetAddressResolver.lookupByName(DefaultInetAddressResolver.java:34)
	at com.mongodb.internal.connection.ServerAddressHelper.getSocketAddresses(ServerAddressHelper.java:71)
	... 5 common frames omitted
2025-01-18 10:14:50 [cluster-ClusterId{value='678b26f41cea804e12a3fea0', description='ticketing-app-cluster'}-ticketing-app-cluster-shard-00-00.ippit.mongodb.net:27017] INFO  org.mongodb.driver.cluster - Exception in monitor thread while connecting to server ticketing-app-cluster-shard-00-00.ippit.mongodb.net:27017
com.mongodb.MongoSocketException: No such host is known (ticketing-app-cluster-shard-00-00.ippit.mongodb.net)
	at com.mongodb.internal.connection.ServerAddressHelper.getSocketAddresses(ServerAddressHelper.java:75)
	at com.mongodb.internal.connection.SocketStream.initializeSocket(SocketStream.java:100)
	at com.mongodb.internal.connection.SocketStream.open(SocketStream.java:79)
	at com.mongodb.internal.connection.InternalStreamConnection.open(InternalStreamConnection.java:233)
	at com.mongodb.internal.connection.DefaultServerMonitor$ServerMonitor.lookupServerDescription(DefaultServerMonitor.java:219)
	at com.mongodb.internal.connection.DefaultServerMonitor$ServerMonitor.run(DefaultServerMonitor.java:176)
Caused by: java.net.UnknownHostException: No such host is known (ticketing-app-cluster-shard-00-00.ippit.mongodb.net)
	at java.base/java.net.Inet6AddressImpl.lookupAllHostAddr(Native Method)
	at java.base/java.net.InetAddress$PlatformNameService.lookupAllHostAddr(InetAddress.java:933)
	at java.base/java.net.InetAddress.getAddressesFromNameService(InetAddress.java:1543)
	at java.base/java.net.InetAddress$NameServiceAddresses.get(InetAddress.java:852)
	at java.base/java.net.InetAddress.getAllByName0(InetAddress.java:1532)
	at java.base/java.net.InetAddress.getAllByName(InetAddress.java:1384)
	at java.base/java.net.InetAddress.getAllByName(InetAddress.java:1305)
	at com.mongodb.internal.connection.DefaultInetAddressResolver.lookupByName(DefaultInetAddressResolver.java:34)
	at com.mongodb.internal.connection.ServerAddressHelper.getSocketAddresses(ServerAddressHelper.java:71)
	... 5 common frames omitted
2025-01-18 10:27:55 [cluster-ClusterId{value='678b26f41cea804e12a3fea0', description='ticketing-app-cluster'}-ticketing-app-cluster-shard-00-02.ippit.mongodb.net:27017] INFO  org.mongodb.driver.cluster - Exception in monitor thread while connecting to server ticketing-app-cluster-shard-00-02.ippit.mongodb.net:27017
com.mongodb.MongoSocketException: ticketing-app-cluster-shard-00-02.ippit.mongodb.net
	at com.mongodb.internal.connection.ServerAddressHelper.getSocketAddresses(ServerAddressHelper.java:75)
	at com.mongodb.internal.connection.SocketStream.initializeSocket(SocketStream.java:100)
	at com.mongodb.internal.connection.SocketStream.open(SocketStream.java:79)
	at com.mongodb.internal.connection.InternalStreamConnection.open(InternalStreamConnection.java:233)
	at com.mongodb.internal.connection.DefaultServerMonitor$ServerMonitor.lookupServerDescription(DefaultServerMonitor.java:219)
	at com.mongodb.internal.connection.DefaultServerMonitor$ServerMonitor.run(DefaultServerMonitor.java:176)
Caused by: java.net.UnknownHostException: ticketing-app-cluster-shard-00-02.ippit.mongodb.net
	at java.base/java.net.InetAddress$CachedAddresses.get(InetAddress.java:801)
	at java.base/java.net.InetAddress.getAllByName0(InetAddress.java:1532)
	at java.base/java.net.InetAddress.getAllByName(InetAddress.java:1384)
	at java.base/java.net.InetAddress.getAllByName(InetAddress.java:1305)
	at com.mongodb.internal.connection.DefaultInetAddressResolver.lookupByName(DefaultInetAddressResolver.java:34)
	at com.mongodb.internal.connection.ServerAddressHelper.getSocketAddresses(ServerAddressHelper.java:71)
	... 5 common frames omitted
2025-01-18 10:28:25 [cluster-ClusterId{value='678b26f41cea804e12a3fea0', description='ticketing-app-cluster'}-ticketing-app-cluster-shard-00-01.ippit.mongodb.net:27017] INFO  org.mongodb.driver.cluster - Exception in monitor thread while connecting to server ticketing-app-cluster-shard-00-01.ippit.mongodb.net:27017
com.mongodb.MongoSocketException: ticketing-app-cluster-shard-00-01.ippit.mongodb.net
	at com.mongodb.internal.connection.ServerAddressHelper.getSocketAddresses(ServerAddressHelper.java:75)
	at com.mongodb.internal.connection.SocketStream.initializeSocket(SocketStream.java:100)
	at com.mongodb.internal.connection.SocketStream.open(SocketStream.java:79)
	at com.mongodb.internal.connection.InternalStreamConnection.open(InternalStreamConnection.java:233)
	at com.mongodb.internal.connection.DefaultServerMonitor$ServerMonitor.lookupServerDescription(DefaultServerMonitor.java:219)
	at com.mongodb.internal.connection.DefaultServerMonitor$ServerMonitor.run(DefaultServerMonitor.java:176)
Caused by: java.net.UnknownHostException: ticketing-app-cluster-shard-00-01.ippit.mongodb.net
	at java.base/java.net.InetAddress$CachedAddresses.get(InetAddress.java:801)
	at java.base/java.net.InetAddress.getAllByName0(InetAddress.java:1532)
	at java.base/java.net.InetAddress.getAllByName(InetAddress.java:1384)
	at java.base/java.net.InetAddress.getAllByName(InetAddress.java:1305)
	at com.mongodb.internal.connection.DefaultInetAddressResolver.lookupByName(DefaultInetAddressResolver.java:34)
	at com.mongodb.internal.connection.ServerAddressHelper.getSocketAddresses(ServerAddressHelper.java:71)
	... 5 common frames omitted
2025-01-18 10:31:55 [cluster-ClusterId{value='678b26f41cea804e12a3fea0', description='ticketing-app-cluster'}-ticketing-app-cluster-shard-00-00.ippit.mongodb.net:27017] INFO  org.mongodb.driver.cluster - Monitor thread successfully connected to server with description ServerDescription{address=ticketing-app-cluster-shard-00-00.ippit.mongodb.net:27017, type=REPLICA_SET_SECONDARY, cryptd=false, state=CONNECTED, ok=true, minWireVersion=0, maxWireVersion=25, maxDocumentSize=16777216, logicalSessionTimeoutMinutes=30, roundTripTimeNanos=192180300, minRoundTripTimeNanos=0, setName='atlas-1bi6sw-shard-0', canonicalAddress=ticketing-app-cluster-shard-00-00.ippit.mongodb.net:27017, hosts=[ticketing-app-cluster-shard-00-00.ippit.mongodb.net:27017, ticketing-app-cluster-shard-00-01.ippit.mongodb.net:27017, ticketing-app-cluster-shard-00-02.ippit.mongodb.net:27017], passives=[], arbiters=[], primary='ticketing-app-cluster-shard-00-01.ippit.mongodb.net:27017', tagSet=TagSet{[Tag{name='availabilityZone', value='asia-south1-a'}, Tag{name='diskState', value='READY'}, Tag{name='nodeType', value='ELECTABLE'}, Tag{name='provider', value='GCP'}, Tag{name='region', value='ASIA_SOUTH_1'}, Tag{name='workloadType', value='OPERATIONAL'}]}, electionId=null, setVersion=4, topologyVersion=TopologyVersion{processId=677bf404d1d9dcdd2da47a95, counter=4}, lastWriteDate=Sat Jan 18 10:31:55 GMT+05:30 2025, lastUpdateTimeNanos=23879774207000}
2025-01-18 10:32:06 [cluster-ClusterId{value='678b26f41cea804e12a3fea0', description='ticketing-app-cluster'}-ticketing-app-cluster-shard-00-02.ippit.mongodb.net:27017] INFO  org.mongodb.driver.cluster - Monitor thread successfully connected to server with description ServerDescription{address=ticketing-app-cluster-shard-00-02.ippit.mongodb.net:27017, type=REPLICA_SET_SECONDARY, cryptd=false, state=CONNECTED, ok=true, minWireVersion=0, maxWireVersion=25, maxDocumentSize=16777216, logicalSessionTimeoutMinutes=30, roundTripTimeNanos=193422800, minRoundTripTimeNanos=0, setName='atlas-1bi6sw-shard-0', canonicalAddress=ticketing-app-cluster-shard-00-02.ippit.mongodb.net:27017, hosts=[ticketing-app-cluster-shard-00-00.ippit.mongodb.net:27017, ticketing-app-cluster-shard-00-01.ippit.mongodb.net:27017, ticketing-app-cluster-shard-00-02.ippit.mongodb.net:27017], passives=[], arbiters=[], primary='ticketing-app-cluster-shard-00-01.ippit.mongodb.net:27017', tagSet=TagSet{[Tag{name='availabilityZone', value='asia-south1-c'}, Tag{name='diskState', value='READY'}, Tag{name='nodeType', value='ELECTABLE'}, Tag{name='provider', value='GCP'}, Tag{name='region', value='ASIA_SOUTH_1'}, Tag{name='workloadType', value='OPERATIONAL'}]}, electionId=null, setVersion=4, topologyVersion=TopologyVersion{processId=677bfd54d08e8749f0058e75, counter=3}, lastWriteDate=Sat Jan 18 10:32:05 GMT+05:30 2025, lastUpdateTimeNanos=23890184042500}
2025-01-18 10:32:06 [cluster-ClusterId{value='678b26f41cea804e12a3fea0', description='ticketing-app-cluster'}-ticketing-app-cluster-shard-00-01.ippit.mongodb.net:27017] INFO  org.mongodb.driver.cluster - Monitor thread successfully connected to server with description ServerDescription{address=ticketing-app-cluster-shard-00-01.ippit.mongodb.net:27017, type=REPLICA_SET_PRIMARY, cryptd=false, state=CONNECTED, ok=true, minWireVersion=0, maxWireVersion=25, maxDocumentSize=16777216, logicalSessionTimeoutMinutes=30, roundTripTimeNanos=147606400, minRoundTripTimeNanos=0, setName='atlas-1bi6sw-shard-0', canonicalAddress=ticketing-app-cluster-shard-00-01.ippit.mongodb.net:27017, hosts=[ticketing-app-cluster-shard-00-00.ippit.mongodb.net:27017, ticketing-app-cluster-shard-00-01.ippit.mongodb.net:27017, ticketing-app-cluster-shard-00-02.ippit.mongodb.net:27017], passives=[], arbiters=[], primary='ticketing-app-cluster-shard-00-01.ippit.mongodb.net:27017', tagSet=TagSet{[Tag{name='availabilityZone', value='asia-south1-b'}, Tag{name='diskState', value='READY'}, Tag{name='nodeType', value='ELECTABLE'}, Tag{name='provider', value='GCP'}, Tag{name='region', value='ASIA_SOUTH_1'}, Tag{name='workloadType', value='OPERATIONAL'}]}, electionId=7fffffff000000000000001f, setVersion=4, topologyVersion=TopologyVersion{processId=677bf87fea8ed919547cf8a9, counter=6}, lastWriteDate=Sat Jan 18 10:32:06 GMT+05:30 2025, lastUpdateTimeNanos=23890855734600}
2025-01-18 10:32:06 [cluster-ClusterId{value='678b26f41cea804e12a3fea0', description='ticketing-app-cluster'}-ticketing-app-cluster-shard-00-01.ippit.mongodb.net:27017] INFO  org.mongodb.driver.cluster - Discovered replica set primary ticketing-app-cluster-shard-00-01.ippit.mongodb.net:27017 with max election id 7fffffff000000000000001f and max set version 4
2025-01-18 10:40:15 [SpringApplicationShutdownHook] INFO  o.s.b.w.e.tomcat.GracefulShutdown - Commencing graceful shutdown. Waiting for active requests to complete
2025-01-18 10:40:15 [tomcat-shutdown] INFO  o.s.b.w.e.tomcat.GracefulShutdown - Graceful shutdown complete
